time,tag_id,index
2017-01-20 22:46:34.043,121,380765
2017-01-20 22:48:35.687,121,380832
2017-01-20 22:50:37.343,121,380899
2017-01-20 22:52:39.020,121,380966
2017-01-20 22:54:40.693,121,381033
2017-01-20 22:56:42.367,121,381100
2017-01-20 22:58:44.040,121,381167
2017-01-20 23:00:45.730,121,381234
2017-01-20 23:02:47.403,121,381301
2017-01-20 23:04:49.080,121,381368
2017-01-20 23:06:50.750,121,381435
2017-01-20 23:08:52.427,121,381502
2017-01-20 23:10:54.113,121,381569
2017-01-20 23:12:55.787,121,381636
2017-01-20 23:14:57.483,121,381703
2017-01-20 23:16:59.170,121,381770
2017-01-20 23:19:00.853,121,381837
2017-01-20 23:21:02.557,121,381904
2017-01-20 23:23:04.260,121,381971
2017-01-20 23:25:05.960,121,382038
2017-01-20 23:27:07.647,121,382105
2017-01-20 23:29:09.347,121,382172
2017-01-20 23:31:11.037,121,382239
2017-01-20 23:33:12.757,121,382306
2017-01-20 23:35:14.433,121,382373
2017-01-20 23:37:16.107,121,382440
2017-01-20 23:39:17.780,121,382507
2017-01-20 23:41:19.450,121,382574
2017-01-20 23:43:21.173,121,382641
2017-01-20 23:45:22.877,121,382708
2017-01-20 23:47:24.553,121,382775
2017-01-20 23:49:26.233,121,382842
2017-01-20 23:51:27.920,121,382909
2017-01-20 23:53:29.607,121,382976
2017-01-20 23:55:31.293,121,383043
2017-01-20 23:57:32.977,121,383110
2017-01-20 23:59:34.663,121,383177
2017-01-21 00:01:36.367,121,383244
2017-01-21 00:03:38.050,121,383311
2017-01-20 22:44:52.667,245,380710
2017-01-20 22:45:12.937,245,380721
2017-01-20 22:45:33.213,245,380732
2017-01-20 22:45:53.487,245,380743
2017-01-20 22:46:13.763,245,380754
2017-01-20 22:46:34.043,245,380766
2017-01-20 22:46:54.313,245,380777
2017-01-20 22:47:14.587,245,380788
2017-01-20 22:47:34.867,245,380799
2017-01-20 22:47:55.137,245,380810
2017-01-20 22:48:15.413,245,380821
2017-01-20 22:48:35.687,245,380833
2017-01-20 22:48:55.960,245,380844
2017-01-20 22:49:16.237,245,380855
2017-01-20 22:49:36.510,245,380866
2017-01-20 22:49:56.787,245,380877
2017-01-20 22:50:17.067,245,380888
2017-01-20 22:50:37.343,245,380900
2017-01-20 22:50:57.623,245,380911
2017-01-20 22:51:17.903,245,380922
2017-01-20 22:51:38.180,245,380933
2017-01-20 22:51:58.460,245,380944
2017-01-20 22:52:18.740,245,380955
2017-01-20 22:52:39.020,245,380967
2017-01-20 22:52:59.297,245,380978
2017-01-20 22:53:19.577,245,380989
2017-01-20 22:53:39.857,245,381000
2017-01-20 22:54:00.133,245,381011
2017-01-20 22:54:20.413,245,381022
2017-01-20 22:54:40.693,245,381034
2017-01-20 22:55:00.970,245,381045
2017-01-20 22:55:21.250,245,381056
2017-01-20 22:55:41.530,245,381067
2017-01-20 22:56:01.807,245,381078
2017-01-20 22:56:22.087,245,381089
2017-01-20 22:56:42.367,245,381101
2017-01-20 22:57:02.647,245,381112
2017-01-20 22:57:22.927,245,381123
2017-01-20 22:57:43.203,245,381134
2017-01-20 22:58:03.483,245,381145
2017-01-20 22:58:23.763,245,381156
2017-01-20 22:58:44.040,245,381168
2017-01-20 22:59:04.317,245,381179
2017-01-20 22:59:24.597,245,381190
2017-01-20 22:59:44.877,245,381201
2017-01-20 23:00:05.157,245,381212
2017-01-20 23:00:25.450,245,381223
2017-01-20 23:00:45.730,245,381235
2017-01-20 23:01:06.010,245,381246
2017-01-20 23:01:26.287,245,381257
2017-01-20 23:01:46.567,245,381268
2017-01-20 23:02:06.847,245,381279
2017-01-20 23:02:27.123,245,381290
2017-01-20 23:02:47.403,245,381302
2017-01-20 23:03:07.683,245,381313
2017-01-20 23:03:27.960,245,381324
2017-01-20 23:03:48.247,245,381335
2017-01-20 23:04:08.520,245,381346
2017-01-20 23:04:28.797,245,381357
2017-01-20 23:04:49.080,245,381369
2017-01-20 23:05:09.357,245,381380
2017-01-20 23:05:29.637,245,381391
2017-01-20 23:05:49.913,245,381402
2017-01-20 23:06:10.197,245,381413
2017-01-20 23:06:30.470,245,381424
2017-01-20 23:06:50.750,245,381436
2017-01-20 23:07:11.033,245,381447
2017-01-20 23:07:31.307,245,381458
2017-01-20 23:07:51.587,245,381469
2017-01-20 23:08:11.867,245,381480
2017-01-20 23:08:32.147,245,381491
2017-01-20 23:08:52.427,245,381503
2017-01-20 23:09:12.703,245,381514
2017-01-20 23:09:32.987,245,381525
2017-01-20 23:09:53.260,245,381536
2017-01-20 23:10:13.540,245,381547
2017-01-20 23:10:33.837,245,381558
2017-01-20 23:10:54.113,245,381570
2017-01-20 23:11:14.393,245,381581
2017-01-20 23:11:34.673,245,381592
2017-01-20 23:11:54.950,245,381603
2017-01-20 23:12:15.233,245,381614
2017-01-20 23:12:35.510,245,381625
2017-01-20 23:12:55.787,245,381637
2017-01-20 23:13:16.067,245,381648
2017-01-20 23:13:36.363,245,381659
2017-01-20 23:13:56.640,245,381670
2017-01-20 23:14:16.923,245,381681
2017-01-20 23:14:37.203,245,381692
2017-01-20 23:14:57.483,245,381704
2017-01-20 23:15:17.763,245,381715
2017-01-20 23:15:38.047,245,381726
2017-01-20 23:15:58.327,245,381737
2017-01-20 23:16:18.607,245,381748
2017-01-20 23:16:38.890,245,381759
2017-01-20 23:16:59.170,245,381771
2017-01-20 23:17:19.450,245,381782
2017-01-20 23:17:39.733,245,381793
2017-01-20 23:18:00.013,245,381804
2017-01-20 23:18:20.293,245,381815
2017-01-20 23:18:40.573,245,381826
2017-01-20 23:19:00.853,245,381838
2017-01-20 23:19:21.150,245,381849
2017-01-20 23:19:41.433,245,381860
2017-01-20 23:20:01.713,245,381871
2017-01-20 23:20:21.993,245,381882
2017-01-20 23:20:42.277,245,381893
2017-01-20 23:21:02.557,245,381905
2017-01-20 23:21:22.837,245,381916
2017-01-20 23:21:43.133,245,381927
2017-01-20 23:22:03.413,245,381938
2017-01-20 23:22:23.697,245,381949
2017-01-20 23:22:43.977,245,381960
2017-01-20 23:23:04.260,245,381972
2017-01-20 23:23:24.537,245,381983
2017-01-20 23:23:44.820,245,381994
2017-01-20 23:24:05.117,245,382005
2017-01-20 23:24:25.397,245,382016
2017-01-20 23:24:45.680,245,382027
2017-01-20 23:25:05.960,245,382039
2017-01-20 23:25:26.240,245,382050
2017-01-20 23:25:46.523,245,382061
2017-01-20 23:26:06.803,245,382072
2017-01-20 23:26:27.083,245,382083
2017-01-20 23:26:47.367,245,382094
2017-01-20 23:27:07.647,245,382106
2017-01-20 23:27:27.927,245,382117
2017-01-20 23:27:48.207,245,382128
2017-01-20 23:28:08.487,245,382139
2017-01-20 23:28:28.770,245,382150
2017-01-20 23:28:49.050,245,382161
2017-01-20 23:29:09.347,245,382173
2017-01-20 23:29:29.627,245,382184
2017-01-20 23:29:49.903,245,382195
2017-01-20 23:30:10.183,245,382206
2017-01-20 23:30:30.463,245,382217
2017-01-20 23:30:50.743,245,382228
2017-01-20 23:31:11.037,245,382240
2017-01-20 23:31:31.313,245,382251
2017-01-20 23:31:51.593,245,382262
2017-01-20 23:32:11.873,245,382273
2017-01-20 23:32:32.197,245,382284
2017-01-20 23:32:52.477,245,382295
2017-01-20 23:33:12.757,245,382307
2017-01-20 23:33:33.037,245,382318
2017-01-20 23:33:53.313,245,382329
2017-01-20 23:34:13.593,245,382340
2017-01-20 23:34:33.873,245,382351
2017-01-20 23:34:54.153,245,382362
2017-01-20 23:35:14.433,245,382374
2017-01-20 23:35:34.710,245,382385
2017-01-20 23:35:54.987,245,382396
2017-01-20 23:36:15.267,245,382407
2017-01-20 23:36:35.547,245,382418
2017-01-20 23:36:55.827,245,382429
2017-01-20 23:37:16.107,245,382441
2017-01-20 23:37:36.383,245,382452
2017-01-20 23:37:56.667,245,382463
2017-01-20 23:38:16.940,245,382474
2017-01-20 23:38:37.220,245,382485
2017-01-20 23:38:57.497,245,382496
2017-01-20 23:39:17.780,245,382508
2017-01-20 23:39:38.057,245,382519
2017-01-20 23:39:58.337,245,382530
2017-01-20 23:40:18.613,245,382541
2017-01-20 23:40:38.893,245,382552
2017-01-20 23:40:59.173,245,382563
2017-01-20 23:41:19.450,245,382575
2017-01-20 23:41:39.730,245,382586
2017-01-20 23:42:00.010,245,382597
2017-01-20 23:42:20.290,245,382608
2017-01-20 23:42:40.583,245,382619
2017-01-20 23:43:00.863,245,382630
2017-01-20 23:43:21.173,245,382642
2017-01-20 23:43:41.467,245,382653
2017-01-20 23:44:01.747,245,382664
2017-01-20 23:44:22.023,245,382675
2017-01-20 23:44:42.303,245,382686
2017-01-20 23:45:02.597,245,382697
2017-01-20 23:45:22.877,245,382709
2017-01-20 23:45:43.157,245,382720
2017-01-20 23:46:03.437,245,382731
2017-01-20 23:46:23.713,245,382742
2017-01-20 23:46:43.993,245,382753
2017-01-20 23:47:04.273,245,382764
2017-01-20 23:47:24.553,245,382776
2017-01-20 23:47:44.830,245,382787
2017-01-20 23:48:05.113,245,382798
2017-01-20 23:48:25.393,245,382809
2017-01-20 23:48:45.673,245,382820
2017-01-20 23:49:05.953,245,382831
2017-01-20 23:49:26.233,245,382843
2017-01-20 23:49:46.517,245,382854
2017-01-20 23:50:06.797,245,382865
2017-01-20 23:50:27.077,245,382876
2017-01-20 23:50:47.357,245,382887
2017-01-20 23:51:07.640,245,382898
2017-01-20 23:51:27.920,245,382910
2017-01-20 23:51:48.200,245,382921
2017-01-20 23:52:08.480,245,382932
2017-01-20 23:52:28.763,245,382943
2017-01-20 23:52:49.043,245,382954
2017-01-20 23:53:09.327,245,382965
2017-01-20 23:53:29.607,245,382977
2017-01-20 23:53:49.887,245,382988
2017-01-20 23:54:10.167,245,382999
2017-01-20 23:54:30.447,245,383010
2017-01-20 23:54:50.730,245,383021
2017-01-20 23:55:11.013,245,383032
2017-01-20 23:55:31.293,245,383044
2017-01-20 23:55:51.577,245,383055
2017-01-20 23:56:11.853,245,383066
2017-01-20 23:56:32.137,245,383077
2017-01-20 23:56:52.417,245,383088
2017-01-20 23:57:12.697,245,383099
2017-01-20 23:57:32.977,245,383111
2017-01-20 23:57:53.260,245,383122
2017-01-20 23:58:13.540,245,383133
2017-01-20 23:58:33.823,245,383144
2017-01-20 23:58:54.103,245,383155
2017-01-20 23:59:14.383,245,383166
2017-01-20 23:59:34.663,245,383178
2017-01-20 23:59:54.947,245,383189
2017-01-21 00:00:15.240,245,383200
2017-01-21 00:00:35.523,245,383211
2017-01-21 00:00:55.803,245,383222
2017-01-21 00:01:16.087,245,383233
2017-01-21 00:01:36.367,245,383245
2017-01-21 00:01:56.647,245,383256
2017-01-21 00:02:16.927,245,383267
2017-01-21 00:02:37.207,245,383278
2017-01-21 00:02:57.490,245,383289
2017-01-21 00:03:17.770,245,383300
2017-01-21 00:03:38.050,245,383312
2017-01-21 00:03:58.333,245,383323
2017-01-21 00:04:18.613,245,383334
2017-01-20 22:44:52.667,362,380711
2017-01-20 22:45:12.937,362,380722
2017-01-20 22:45:33.213,362,380733
2017-01-20 22:45:53.487,362,380744
2017-01-20 22:46:13.763,362,380755
2017-01-20 22:46:34.043,362,380767
2017-01-20 22:46:54.313,362,380778
2017-01-20 22:47:14.587,362,380789
2017-01-20 22:47:34.867,362,380800
2017-01-20 22:47:55.137,362,380811
2017-01-20 22:48:15.413,362,380822
2017-01-20 22:48:35.687,362,380834
2017-01-20 22:48:55.960,362,380845
2017-01-20 22:49:16.237,362,380856
2017-01-20 22:49:36.510,362,380867
2017-01-20 22:49:56.787,362,380878
2017-01-20 22:50:17.067,362,380889
2017-01-20 22:50:37.343,362,380901
2017-01-20 22:50:57.623,362,380912
2017-01-20 22:51:17.903,362,380923
2017-01-20 22:51:38.180,362,380934
2017-01-20 22:51:58.460,362,380945
2017-01-20 22:52:18.740,362,380956
2017-01-20 22:52:39.020,362,380968
2017-01-20 22:52:59.297,362,380979
2017-01-20 22:53:19.577,362,380990
2017-01-20 22:53:39.857,362,381001
2017-01-20 22:54:00.133,362,381012
2017-01-20 22:54:20.413,362,381023
2017-01-20 22:54:40.693,362,381035
2017-01-20 22:55:00.970,362,381046
2017-01-20 22:55:21.250,362,381057
2017-01-20 22:55:41.530,362,381068
2017-01-20 22:56:01.807,362,381079
2017-01-20 22:56:22.087,362,381090
2017-01-20 22:56:42.367,362,381102
2017-01-20 22:57:02.647,362,381113
2017-01-20 22:57:22.927,362,381124
2017-01-20 22:57:43.203,362,381135
2017-01-20 22:58:03.483,362,381146
2017-01-20 22:58:23.763,362,381157
2017-01-20 22:58:44.040,362,381169
2017-01-20 22:59:04.317,362,381180
2017-01-20 22:59:24.597,362,381191
2017-01-20 22:59:44.877,362,381202
2017-01-20 23:00:05.157,362,381213
2017-01-20 23:00:25.450,362,381224
2017-01-20 23:00:45.730,362,381236
2017-01-20 23:01:06.010,362,381247
2017-01-20 23:01:26.287,362,381258
2017-01-20 23:01:46.567,362,381269
2017-01-20 23:02:06.847,362,381280
2017-01-20 23:02:27.123,362,381291
2017-01-20 23:02:47.403,362,381303
2017-01-20 23:03:07.683,362,381314
2017-01-20 23:03:27.960,362,381325
2017-01-20 23:03:48.247,362,381336
2017-01-20 23:04:08.520,362,381347
2017-01-20 23:04:28.797,362,381358
2017-01-20 23:04:49.080,362,381370
2017-01-20 23:05:09.357,362,381381
2017-01-20 23:05:29.637,362,381392
2017-01-20 23:05:49.913,362,381403
2017-01-20 23:06:10.197,362,381414
2017-01-20 23:06:30.470,362,381425
2017-01-20 23:06:50.750,362,381437
2017-01-20 23:07:11.033,362,381448
2017-01-20 23:07:31.307,362,381459
2017-01-20 23:07:51.587,362,381470
2017-01-20 23:08:11.867,362,381481
2017-01-20 23:08:32.147,362,381492
2017-01-20 23:08:52.427,362,381504
2017-01-20 23:09:12.703,362,381515
2017-01-20 23:09:32.987,362,381526
2017-01-20 23:09:53.260,362,381537
2017-01-20 23:10:13.540,362,381548
2017-01-20 23:10:33.837,362,381559
2017-01-20 23:10:54.113,362,381571
2017-01-20 23:11:14.393,362,381582
2017-01-20 23:11:34.673,362,381593
2017-01-20 23:11:54.950,362,381604
2017-01-20 23:12:15.233,362,381615
2017-01-20 23:12:35.510,362,381626
2017-01-20 23:12:55.787,362,381638
2017-01-20 23:13:16.067,362,381649
2017-01-20 23:13:36.363,362,381660
2017-01-20 23:13:56.640,362,381671
2017-01-20 23:14:16.923,362,381682
2017-01-20 23:14:37.203,362,381693
2017-01-20 23:14:57.483,362,381705
2017-01-20 23:15:17.763,362,381716
2017-01-20 23:15:38.047,362,381727
2017-01-20 23:15:58.327,362,381738
2017-01-20 23:16:18.607,362,381749
2017-01-20 23:16:38.890,362,381760
2017-01-20 23:16:59.170,362,381772
2017-01-20 23:17:19.450,362,381783
2017-01-20 23:17:39.733,362,381794
2017-01-20 23:18:00.013,362,381805
2017-01-20 23:18:20.293,362,381816
2017-01-20 23:18:40.573,362,381827
2017-01-20 23:19:00.853,362,381839
2017-01-20 23:19:21.150,362,381850
2017-01-20 23:19:41.433,362,381861
2017-01-20 23:20:01.713,362,381872
2017-01-20 23:20:21.993,362,381883
2017-01-20 23:20:42.277,362,381894
2017-01-20 23:21:02.557,362,381906
2017-01-20 23:21:22.837,362,381917
2017-01-20 23:21:43.133,362,381928
2017-01-20 23:22:03.413,362,381939
2017-01-20 23:22:23.697,362,381950
2017-01-20 23:22:43.977,362,381961
2017-01-20 23:23:04.260,362,381973
2017-01-20 23:23:24.537,362,381984
2017-01-20 23:23:44.820,362,381995
2017-01-20 23:24:05.117,362,382006
2017-01-20 23:24:25.397,362,382017
2017-01-20 23:24:45.680,362,382028
2017-01-20 23:25:05.960,362,382040
2017-01-20 23:25:26.240,362,382051
2017-01-20 23:25:46.523,362,382062
2017-01-20 23:26:06.803,362,382073
2017-01-20 23:26:27.083,362,382084
2017-01-20 23:26:47.367,362,382095
2017-01-20 23:27:07.647,362,382107
2017-01-20 23:27:27.927,362,382118
2017-01-20 23:27:48.207,362,382129
2017-01-20 23:28:08.487,362,382140
2017-01-20 23:28:28.770,362,382151
2017-01-20 23:28:49.050,362,382162
2017-01-20 23:29:09.347,362,382174
2017-01-20 23:29:29.627,362,382185
2017-01-20 23:29:49.903,362,382196
2017-01-20 23:30:10.183,362,382207
2017-01-20 23:30:30.463,362,382218
2017-01-20 23:30:50.743,362,382229
2017-01-20 23:31:11.037,362,382241
2017-01-20 23:31:31.313,362,382252
2017-01-20 23:31:51.593,362,382263
2017-01-20 23:32:11.873,362,382274
2017-01-20 23:32:32.197,362,382285
2017-01-20 23:32:52.477,362,382296
2017-01-20 23:33:12.757,362,382308
2017-01-20 23:33:33.037,362,382319
2017-01-20 23:33:53.313,362,382330
2017-01-20 23:34:13.593,362,382341
2017-01-20 23:34:33.873,362,382352
2017-01-20 23:34:54.153,362,382363
2017-01-20 23:35:14.433,362,382375
2017-01-20 23:35:34.710,362,382386
2017-01-20 23:35:54.987,362,382397
2017-01-20 23:36:15.267,362,382408
2017-01-20 23:36:35.547,362,382419
2017-01-20 23:36:55.827,362,382430
2017-01-20 23:37:16.107,362,382442
2017-01-20 23:37:36.383,362,382453
2017-01-20 23:37:56.667,362,382464
2017-01-20 23:38:16.940,362,382475
2017-01-20 23:38:37.220,362,382486
2017-01-20 23:38:57.497,362,382497
2017-01-20 23:39:17.780,362,382509
2017-01-20 23:39:38.057,362,382520
2017-01-20 23:39:58.337,362,382531
2017-01-20 23:40:18.613,362,382542
2017-01-20 23:40:38.893,362,382553
2017-01-20 23:40:59.173,362,382564
2017-01-20 23:41:19.450,362,382576
2017-01-20 23:41:39.730,362,382587
2017-01-20 23:42:00.010,362,382598
2017-01-20 23:42:20.290,362,382609
2017-01-20 23:42:40.583,362,382620
2017-01-20 23:43:00.863,362,382631
2017-01-20 23:43:21.173,362,382643
2017-01-20 23:43:41.467,362,382654
2017-01-20 23:44:01.747,362,382665
2017-01-20 23:44:22.023,362,382676
2017-01-20 23:44:42.303,362,382687
2017-01-20 23:45:02.597,362,382698
2017-01-20 23:45:22.877,362,382710
2017-01-20 23:45:43.157,362,382721
2017-01-20 23:46:03.437,362,382732
2017-01-20 23:46:23.713,362,382743
2017-01-20 23:46:43.993,362,382754
2017-01-20 23:47:04.273,362,382765
2017-01-20 23:47:24.553,362,382777
2017-01-20 23:47:44.830,362,382788
2017-01-20 23:48:05.113,362,382799
2017-01-20 23:48:25.393,362,382810
2017-01-20 23:48:45.673,362,382821
2017-01-20 23:49:05.953,362,382832
2017-01-20 23:49:26.233,362,382844
2017-01-20 23:49:46.517,362,382855
2017-01-20 23:50:06.797,362,382866
2017-01-20 23:50:27.077,362,382877
2017-01-20 23:50:47.357,362,382888
2017-01-20 23:51:07.640,362,382899
2017-01-20 23:51:27.920,362,382911
2017-01-20 23:51:48.200,362,382922
2017-01-20 23:52:08.480,362,382933
2017-01-20 23:52:28.763,362,382944
2017-01-20 23:52:49.043,362,382955
2017-01-20 23:53:09.327,362,382966
2017-01-20 23:53:29.607,362,382978
2017-01-20 23:53:49.887,362,382989
2017-01-20 23:54:10.167,362,383000
2017-01-20 23:54:30.447,362,383011
2017-01-20 23:54:50.730,362,383022
2017-01-20 23:55:11.013,362,383033
2017-01-20 23:55:31.293,362,383045
2017-01-20 23:55:51.577,362,383056
2017-01-20 23:56:11.853,362,383067
2017-01-20 23:56:32.137,362,383078
2017-01-20 23:56:52.417,362,383089
2017-01-20 23:57:12.697,362,383100
2017-01-20 23:57:32.977,362,383112
2017-01-20 23:57:53.260,362,383123
2017-01-20 23:58:13.540,362,383134
2017-01-20 23:58:33.823,362,383145
2017-01-20 23:58:54.103,362,383156
2017-01-20 23:59:14.383,362,383167
2017-01-20 23:59:34.663,362,383179
2017-01-20 23:59:54.947,362,383190
2017-01-21 00:00:15.240,362,383201
2017-01-21 00:00:35.523,362,383212
2017-01-21 00:00:55.803,362,383223
2017-01-21 00:01:16.087,362,383234
2017-01-21 00:01:36.367,362,383246
2017-01-21 00:01:56.647,362,383257
2017-01-21 00:02:16.927,362,383268
2017-01-21 00:02:37.207,362,383279
2017-01-21 00:02:57.490,362,383290
2017-01-21 00:03:17.770,362,383301
2017-01-21 00:03:38.050,362,383313
2017-01-21 00:03:58.333,362,383324
2017-01-21 00:04:18.613,362,383335
2017-01-20 22:44:52.667,479,380712
2017-01-20 22:45:12.937,479,380723
2017-01-20 22:45:33.213,479,380734
2017-01-20 22:45:53.487,479,380745
2017-01-20 22:46:13.763,479,380756
2017-01-20 22:46:34.043,479,380768
2017-01-20 22:46:54.313,479,380779
2017-01-20 22:47:14.587,479,380790
2017-01-20 22:47:34.867,479,380801
2017-01-20 22:47:55.137,479,380812
2017-01-20 22:48:15.413,479,380823
2017-01-20 22:48:35.687,479,380835
2017-01-20 22:48:55.960,479,380846
2017-01-20 22:49:16.237,479,380857
2017-01-20 22:49:36.510,479,380868
2017-01-20 22:49:56.787,479,380879
2017-01-20 22:50:17.067,479,380890
2017-01-20 22:50:37.343,479,380902
2017-01-20 22:50:57.623,479,380913
2017-01-20 22:51:17.903,479,380924
2017-01-20 22:51:38.180,479,380935
2017-01-20 22:51:58.460,479,380946
2017-01-20 22:52:18.740,479,380957
2017-01-20 22:52:39.020,479,380969
2017-01-20 22:52:59.297,479,380980
2017-01-20 22:53:19.577,479,380991
2017-01-20 22:53:39.857,479,381002
2017-01-20 22:54:00.133,479,381013
2017-01-20 22:54:20.413,479,381024
2017-01-20 22:54:40.693,479,381036
2017-01-20 22:55:00.970,479,381047
2017-01-20 22:55:21.250,479,381058
2017-01-20 22:55:41.530,479,381069
2017-01-20 22:56:01.807,479,381080
2017-01-20 22:56:22.087,479,381091
2017-01-20 22:56:42.367,479,381103
2017-01-20 22:57:02.647,479,381114
2017-01-20 22:57:22.927,479,381125
2017-01-20 22:57:43.203,479,381136
2017-01-20 22:58:03.483,479,381147
2017-01-20 22:58:23.763,479,381158
2017-01-20 22:58:44.040,479,381170
2017-01-20 22:59:04.317,479,381181
2017-01-20 22:59:24.597,479,381192
2017-01-20 22:59:44.877,479,381203
2017-01-20 23:00:05.157,479,381214
2017-01-20 23:00:25.450,479,381225
2017-01-20 23:00:45.730,479,381237
2017-01-20 23:01:06.010,479,381248
2017-01-20 23:01:26.287,479,381259
2017-01-20 23:01:46.567,479,381270
2017-01-20 23:02:06.847,479,381281
2017-01-20 23:02:27.123,479,381292
2017-01-20 23:02:47.403,479,381304
2017-01-20 23:03:07.683,479,381315
2017-01-20 23:03:27.960,479,381326
2017-01-20 23:03:48.247,479,381337
2017-01-20 23:04:08.520,479,381348
2017-01-20 23:04:28.797,479,381359
2017-01-20 23:04:49.080,479,381371
2017-01-20 23:05:09.357,479,381382
2017-01-20 23:05:29.637,479,381393
2017-01-20 23:05:49.913,479,381404
2017-01-20 23:06:10.197,479,381415
2017-01-20 23:06:30.470,479,381426
2017-01-20 23:06:50.750,479,381438
2017-01-20 23:07:11.033,479,381449
2017-01-20 23:07:31.307,479,381460
2017-01-20 23:07:51.587,479,381471
2017-01-20 23:08:11.867,479,381482
2017-01-20 23:08:32.147,479,381493
2017-01-20 23:08:52.427,479,381505
2017-01-20 23:09:12.703,479,381516
2017-01-20 23:09:32.987,479,381527
2017-01-20 23:09:53.260,479,381538
2017-01-20 23:10:13.540,479,381549
2017-01-20 23:10:33.837,479,381560
2017-01-20 23:10:54.113,479,381572
2017-01-20 23:11:14.393,479,381583
2017-01-20 23:11:34.673,479,381594
2017-01-20 23:11:54.950,479,381605
2017-01-20 23:12:15.233,479,381616
2017-01-20 23:12:35.510,479,381627
2017-01-20 23:12:55.787,479,381639
2017-01-20 23:13:16.067,479,381650
2017-01-20 23:13:36.363,479,381661
2017-01-20 23:13:56.640,479,381672
2017-01-20 23:14:16.923,479,381683
2017-01-20 23:14:37.203,479,381694
2017-01-20 23:14:57.483,479,381706
2017-01-20 23:15:17.763,479,381717
2017-01-20 23:15:38.047,479,381728
2017-01-20 23:15:58.327,479,381739
2017-01-20 23:16:18.607,479,381750
2017-01-20 23:16:38.890,479,381761
2017-01-20 23:16:59.170,479,381773
2017-01-20 23:17:19.450,479,381784
2017-01-20 23:17:39.733,479,381795
2017-01-20 23:18:00.013,479,381806
2017-01-20 23:18:20.293,479,381817
2017-01-20 23:18:40.573,479,381828
2017-01-20 23:19:00.853,479,381840
2017-01-20 23:19:21.150,479,381851
2017-01-20 23:19:41.433,479,381862
2017-01-20 23:20:01.713,479,381873
2017-01-20 23:20:21.993,479,381884
2017-01-20 23:20:42.277,479,381895
2017-01-20 23:21:02.557,479,381907
2017-01-20 23:21:22.837,479,381918
2017-01-20 23:21:43.133,479,381929
2017-01-20 23:22:03.413,479,381940
2017-01-20 23:22:23.697,479,381951
2017-01-20 23:22:43.977,479,381962
2017-01-20 23:23:04.260,479,381974
2017-01-20 23:23:24.537,479,381985
2017-01-20 23:23:44.820,479,381996
2017-01-20 23:24:05.117,479,382007
2017-01-20 23:24:25.397,479,382018
2017-01-20 23:24:45.680,479,382029
2017-01-20 23:25:05.960,479,382041
2017-01-20 23:25:26.240,479,382052
2017-01-20 23:25:46.523,479,382063
2017-01-20 23:26:06.803,479,382074
2017-01-20 23:26:27.083,479,382085
2017-01-20 23:26:47.367,479,382096
2017-01-20 23:27:07.647,479,382108
2017-01-20 23:27:27.927,479,382119
2017-01-20 23:27:48.207,479,382130
2017-01-20 23:28:08.487,479,382141
2017-01-20 23:28:28.770,479,382152
2017-01-20 23:28:49.050,479,382163
2017-01-20 23:29:09.347,479,382175
2017-01-20 23:29:29.627,479,382186
2017-01-20 23:29:49.903,479,382197
2017-01-20 23:30:10.183,479,382208
2017-01-20 23:30:30.463,479,382219
2017-01-20 23:30:50.743,479,382230
2017-01-20 23:31:11.037,479,382242
2017-01-20 23:31:31.313,479,382253
2017-01-20 23:31:51.593,479,382264
2017-01-20 23:32:11.873,479,382275
2017-01-20 23:32:32.197,479,382286
2017-01-20 23:32:52.477,479,382297
2017-01-20 23:33:12.757,479,382309
2017-01-20 23:33:33.037,479,382320
2017-01-20 23:33:53.313,479,382331
2017-01-20 23:34:13.593,479,382342
2017-01-20 23:34:33.873,479,382353
2017-01-20 23:34:54.153,479,382364
2017-01-20 23:35:14.433,479,382376
2017-01-20 23:35:34.710,479,382387
2017-01-20 23:35:54.987,479,382398
2017-01-20 23:36:15.267,479,382409
2017-01-20 23:36:35.547,479,382420
2017-01-20 23:36:55.827,479,382431
2017-01-20 23:37:16.107,479,382443
2017-01-20 23:37:36.383,479,382454
2017-01-20 23:37:56.667,479,382465
2017-01-20 23:38:16.940,479,382476
2017-01-20 23:38:37.220,479,382487
2017-01-20 23:38:57.497,479,382498
2017-01-20 23:39:17.780,479,382510
2017-01-20 23:39:38.057,479,382521
2017-01-20 23:39:58.337,479,382532
2017-01-20 23:40:18.613,479,382543
2017-01-20 23:40:38.893,479,382554
2017-01-20 23:40:59.173,479,382565
2017-01-20 23:41:19.450,479,382577
2017-01-20 23:41:39.730,479,382588
2017-01-20 23:42:00.010,479,382599
2017-01-20 23:42:20.290,479,382610
2017-01-20 23:42:40.583,479,382621
2017-01-20 23:43:00.863,479,382632
2017-01-20 23:43:21.173,479,382644
2017-01-20 23:43:41.467,479,382655
2017-01-20 23:44:01.747,479,382666
2017-01-20 23:44:22.023,479,382677
2017-01-20 23:44:42.303,479,382688
2017-01-20 23:45:02.597,479,382699
2017-01-20 23:45:22.877,479,382711
2017-01-20 23:45:43.157,479,382722
2017-01-20 23:46:03.437,479,382733
2017-01-20 23:46:23.713,479,382744
2017-01-20 23:46:43.993,479,382755
2017-01-20 23:47:04.273,479,382766
2017-01-20 23:47:24.553,479,382778
2017-01-20 23:47:44.830,479,382789
2017-01-20 23:48:05.113,479,382800
2017-01-20 23:48:25.393,479,382811
2017-01-20 23:48:45.673,479,382822
2017-01-20 23:49:05.953,479,382833
2017-01-20 23:49:26.233,479,382845
2017-01-20 23:49:46.517,479,382856
2017-01-20 23:50:06.797,479,382867
2017-01-20 23:50:27.077,479,382878
2017-01-20 23:50:47.357,479,382889
2017-01-20 23:51:07.640,479,382900
2017-01-20 23:51:27.920,479,382912
2017-01-20 23:51:48.200,479,382923
2017-01-20 23:52:08.480,479,382934
2017-01-20 23:52:28.763,479,382945
2017-01-20 23:52:49.043,479,382956
2017-01-20 23:53:09.327,479,382967
2017-01-20 23:53:29.607,479,382979
2017-01-20 23:53:49.887,479,382990
2017-01-20 23:54:10.167,479,383001
2017-01-20 23:54:30.447,479,383012
2017-01-20 23:54:50.730,479,383023
2017-01-20 23:55:11.013,479,383034
2017-01-20 23:55:31.293,479,383046
2017-01-20 23:55:51.577,479,383057
2017-01-20 23:56:11.853,479,383068
2017-01-20 23:56:32.137,479,383079
2017-01-20 23:56:52.417,479,383090
2017-01-20 23:57:12.697,479,383101
2017-01-20 23:57:32.977,479,383113
2017-01-20 23:57:53.260,479,383124
2017-01-20 23:58:13.540,479,383135
2017-01-20 23:58:33.823,479,383146
2017-01-20 23:58:54.103,479,383157
2017-01-20 23:59:14.383,479,383168
2017-01-20 23:59:34.663,479,383180
2017-01-20 23:59:54.947,479,383191
2017-01-21 00:00:15.240,479,383202
2017-01-21 00:00:35.523,479,383213
2017-01-21 00:00:55.803,479,383224
2017-01-21 00:01:16.087,479,383235
2017-01-21 00:01:36.367,479,383247
2017-01-21 00:01:56.647,479,383258
2017-01-21 00:02:16.927,479,383269
2017-01-21 00:02:37.207,479,383280
2017-01-21 00:02:57.490,479,383291
2017-01-21 00:03:17.770,479,383302
2017-01-21 00:03:38.050,479,383314
2017-01-21 00:03:58.333,479,383325
2017-01-21 00:04:18.613,479,383336
2017-01-20 22:44:52.667,596,380713
2017-01-20 22:45:12.937,596,380724
2017-01-20 22:45:33.213,596,380735
2017-01-20 22:45:53.487,596,380746
2017-01-20 22:46:13.763,596,380757
2017-01-20 22:46:34.043,596,380769
2017-01-20 22:46:54.313,596,380780
2017-01-20 22:47:14.587,596,380791
2017-01-20 22:47:34.867,596,380802
2017-01-20 22:47:55.137,596,380813
2017-01-20 22:48:15.413,596,380824
2017-01-20 22:48:35.687,596,380836
2017-01-20 22:48:55.960,596,380847
2017-01-20 22:49:16.237,596,380858
2017-01-20 22:49:36.510,596,380869
2017-01-20 22:49:56.787,596,380880
2017-01-20 22:50:17.067,596,380891
2017-01-20 22:50:37.343,596,380903
2017-01-20 22:50:57.623,596,380914
2017-01-20 22:51:17.903,596,380925
2017-01-20 22:51:38.180,596,380936
2017-01-20 22:51:58.460,596,380947
2017-01-20 22:52:18.740,596,380958
2017-01-20 22:52:39.020,596,380970
2017-01-20 22:52:59.297,596,380981
2017-01-20 22:53:19.577,596,380992
2017-01-20 22:53:39.857,596,381003
2017-01-20 22:54:00.133,596,381014
2017-01-20 22:54:20.413,596,381025
2017-01-20 22:54:40.693,596,381037
2017-01-20 22:55:00.970,596,381048
2017-01-20 22:55:21.250,596,381059
2017-01-20 22:55:41.530,596,381070
2017-01-20 22:56:01.807,596,381081
2017-01-20 22:56:22.087,596,381092
2017-01-20 22:56:42.367,596,381104
2017-01-20 22:57:02.647,596,381115
2017-01-20 22:57:22.927,596,381126
2017-01-20 22:57:43.203,596,381137
2017-01-20 22:58:03.483,596,381148
2017-01-20 22:58:23.763,596,381159
2017-01-20 22:58:44.040,596,381171
2017-01-20 22:59:04.317,596,381182
2017-01-20 22:59:24.597,596,381193
2017-01-20 22:59:44.877,596,381204
2017-01-20 23:00:05.157,596,381215
2017-01-20 23:00:25.450,596,381226
2017-01-20 23:00:45.730,596,381238
2017-01-20 23:01:06.010,596,381249
2017-01-20 23:01:26.287,596,381260
2017-01-20 23:01:46.567,596,381271
2017-01-20 23:02:06.847,596,381282
2017-01-20 23:02:27.123,596,381293
2017-01-20 23:02:47.403,596,381305
2017-01-20 23:03:07.683,596,381316
2017-01-20 23:03:27.960,596,381327
2017-01-20 23:03:48.247,596,381338
2017-01-20 23:04:08.520,596,381349
2017-01-20 23:04:28.797,596,381360
2017-01-20 23:04:49.080,596,381372
2017-01-20 23:05:09.357,596,381383
2017-01-20 23:05:29.637,596,381394
2017-01-20 23:05:49.913,596,381405
2017-01-20 23:06:10.197,596,381416
2017-01-20 23:06:30.470,596,381427
2017-01-20 23:06:50.750,596,381439
2017-01-20 23:07:11.033,596,381450
2017-01-20 23:07:31.307,596,381461
2017-01-20 23:07:51.587,596,381472
2017-01-20 23:08:11.867,596,381483
2017-01-20 23:08:32.147,596,381494
2017-01-20 23:08:52.427,596,381506
2017-01-20 23:09:12.703,596,381517
2017-01-20 23:09:32.987,596,381528
2017-01-20 23:09:53.260,596,381539
2017-01-20 23:10:13.540,596,381550
2017-01-20 23:10:33.837,596,381561
2017-01-20 23:10:54.113,596,381573
2017-01-20 23:11:14.393,596,381584
2017-01-20 23:11:34.673,596,381595
2017-01-20 23:11:54.950,596,381606
2017-01-20 23:12:15.233,596,381617
2017-01-20 23:12:35.510,596,381628
2017-01-20 23:12:55.787,596,381640
2017-01-20 23:13:16.067,596,381651
2017-01-20 23:13:36.363,596,381662
2017-01-20 23:13:56.640,596,381673
2017-01-20 23:14:16.923,596,381684
2017-01-20 23:14:37.203,596,381695
2017-01-20 23:14:57.483,596,381707
2017-01-20 23:15:17.763,596,381718
2017-01-20 23:15:38.047,596,381729
2017-01-20 23:15:58.327,596,381740
2017-01-20 23:16:18.607,596,381751
2017-01-20 23:16:38.890,596,381762
2017-01-20 23:16:59.170,596,381774
2017-01-20 23:17:19.450,596,381785
2017-01-20 23:17:39.733,596,381796
2017-01-20 23:18:00.013,596,381807
2017-01-20 23:18:20.293,596,381818
2017-01-20 23:18:40.573,596,381829
2017-01-20 23:19:00.853,596,381841
2017-01-20 23:19:21.150,596,381852
2017-01-20 23:19:41.433,596,381863
2017-01-20 23:20:01.713,596,381874
2017-01-20 23:20:21.993,596,381885
2017-01-20 23:20:42.277,596,381896
2017-01-20 23:21:02.557,596,381908
2017-01-20 23:21:22.837,596,381919
2017-01-20 23:21:43.133,596,381930
2017-01-20 23:22:03.413,596,381941
2017-01-20 23:22:23.697,596,381952
2017-01-20 23:22:43.977,596,381963
2017-01-20 23:23:04.260,596,381975
2017-01-20 23:23:24.537,596,381986
2017-01-20 23:23:44.820,596,381997
2017-01-20 23:24:05.117,596,382008
2017-01-20 23:24:25.397,596,382019
2017-01-20 23:24:45.680,596,382030
2017-01-20 23:25:05.960,596,382042
2017-01-20 23:25:26.240,596,382053
2017-01-20 23:25:46.523,596,382064
2017-01-20 23:26:06.803,596,382075
2017-01-20 23:26:27.083,596,382086
2017-01-20 23:26:47.367,596,382097
2017-01-20 23:27:07.647,596,382109
2017-01-20 23:27:27.927,596,382120
2017-01-20 23:27:48.207,596,382131
2017-01-20 23:28:08.487,596,382142
2017-01-20 23:28:28.770,596,382153
2017-01-20 23:28:49.050,596,382164
2017-01-20 23:29:09.347,596,382176
2017-01-20 23:29:29.627,596,382187
2017-01-20 23:29:49.903,596,382198
2017-01-20 23:30:10.183,596,382209
2017-01-20 23:30:30.463,596,382220
2017-01-20 23:30:50.743,596,382231
2017-01-20 23:31:11.037,596,382243
2017-01-20 23:31:31.313,596,382254
2017-01-20 23:31:51.593,596,382265
2017-01-20 23:32:11.873,596,382276
2017-01-20 23:32:32.197,596,382287
2017-01-20 23:32:52.477,596,382298
2017-01-20 23:33:12.757,596,382310
2017-01-20 23:33:33.037,596,382321
2017-01-20 23:33:53.313,596,382332
2017-01-20 23:34:13.593,596,382343
2017-01-20 23:34:33.873,596,382354
2017-01-20 23:34:54.153,596,382365
2017-01-20 23:35:14.433,596,382377
2017-01-20 23:35:34.710,596,382388
2017-01-20 23:35:54.987,596,382399
2017-01-20 23:36:15.267,596,382410
2017-01-20 23:36:35.547,596,382421
2017-01-20 23:36:55.827,596,382432
2017-01-20 23:37:16.107,596,382444
2017-01-20 23:37:36.383,596,382455
2017-01-20 23:37:56.667,596,382466
2017-01-20 23:38:16.940,596,382477
2017-01-20 23:38:37.220,596,382488
2017-01-20 23:38:57.497,596,382499
2017-01-20 23:39:17.780,596,382511
2017-01-20 23:39:38.057,596,382522
2017-01-20 23:39:58.337,596,382533
2017-01-20 23:40:18.613,596,382544
2017-01-20 23:40:38.893,596,382555
2017-01-20 23:40:59.173,596,382566
2017-01-20 23:41:19.450,596,382578
2017-01-20 23:41:39.730,596,382589
2017-01-20 23:42:00.010,596,382600
2017-01-20 23:42:20.290,596,382611
2017-01-20 23:42:40.583,596,382622
2017-01-20 23:43:00.863,596,382633
2017-01-20 23:43:21.173,596,382645
2017-01-20 23:43:41.467,596,382656
2017-01-20 23:44:01.747,596,382667
2017-01-20 23:44:22.023,596,382678
2017-01-20 23:44:42.303,596,382689
2017-01-20 23:45:02.597,596,382700
2017-01-20 23:45:22.877,596,382712
2017-01-20 23:45:43.157,596,382723
2017-01-20 23:46:03.437,596,382734
2017-01-20 23:46:23.713,596,382745
2017-01-20 23:46:43.993,596,382756
2017-01-20 23:47:04.273,596,382767
2017-01-20 23:47:24.553,596,382779
2017-01-20 23:47:44.830,596,382790
2017-01-20 23:48:05.113,596,382801
2017-01-20 23:48:25.393,596,382812
2017-01-20 23:48:45.673,596,382823
2017-01-20 23:49:05.953,596,382834
2017-01-20 23:49:26.233,596,382846
2017-01-20 23:49:46.517,596,382857
2017-01-20 23:50:06.797,596,382868
2017-01-20 23:50:27.077,596,382879
2017-01-20 23:50:47.357,596,382890
2017-01-20 23:51:07.640,596,382901
2017-01-20 23:51:27.920,596,382913
2017-01-20 23:51:48.200,596,382924
2017-01-20 23:52:08.480,596,382935
2017-01-20 23:52:28.763,596,382946
2017-01-20 23:52:49.043,596,382957
2017-01-20 23:53:09.327,596,382968
2017-01-20 23:53:29.607,596,382980
2017-01-20 23:53:49.887,596,382991
2017-01-20 23:54:10.167,596,383002
2017-01-20 23:54:30.447,596,383013
2017-01-20 23:54:50.730,596,383024
2017-01-20 23:55:11.013,596,383035
2017-01-20 23:55:31.293,596,383047
2017-01-20 23:55:51.577,596,383058
2017-01-20 23:56:11.853,596,383069
2017-01-20 23:56:32.137,596,383080
2017-01-20 23:56:52.417,596,383091
2017-01-20 23:57:12.697,596,383102
2017-01-20 23:57:32.977,596,383114
2017-01-20 23:57:53.260,596,383125
2017-01-20 23:58:13.540,596,383136
2017-01-20 23:58:33.823,596,383147
2017-01-20 23:58:54.103,596,383158
2017-01-20 23:59:14.383,596,383169
2017-01-20 23:59:34.663,596,383181
2017-01-20 23:59:54.947,596,383192
2017-01-21 00:00:15.240,596,383203
2017-01-21 00:00:35.523,596,383214
2017-01-21 00:00:55.803,596,383225
2017-01-21 00:01:16.087,596,383236
2017-01-21 00:01:36.367,596,383248
2017-01-21 00:01:56.647,596,383259
2017-01-21 00:02:16.927,596,383270
2017-01-21 00:02:37.207,596,383281
2017-01-21 00:02:57.490,596,383292
2017-01-21 00:03:17.770,596,383303
2017-01-21 00:03:38.050,596,383315
2017-01-21 00:03:58.333,596,383326
2017-01-21 00:04:18.613,596,383337
2017-01-20 22:44:52.667,920,380714
2017-01-20 22:45:12.937,920,380725
2017-01-20 22:45:33.213,920,380736
2017-01-20 22:45:53.487,920,380747
2017-01-20 22:46:13.763,920,380758
2017-01-20 22:46:34.043,920,380770
2017-01-20 22:46:54.313,920,380781
2017-01-20 22:47:14.587,920,380792
2017-01-20 22:47:34.867,920,380803
2017-01-20 22:47:55.137,920,380814
2017-01-20 22:48:15.413,920,380825
2017-01-20 22:48:35.687,920,380837
2017-01-20 22:48:55.960,920,380848
2017-01-20 22:49:16.237,920,380859
2017-01-20 22:49:36.510,920,380870
2017-01-20 22:49:56.787,920,380881
2017-01-20 22:50:17.067,920,380892
2017-01-20 22:50:37.343,920,380904
2017-01-20 22:50:57.623,920,380915
2017-01-20 22:51:17.903,920,380926
2017-01-20 22:51:38.180,920,380937
2017-01-20 22:51:58.460,920,380948
2017-01-20 22:52:18.740,920,380959
2017-01-20 22:52:39.020,920,380971
2017-01-20 22:52:59.297,920,380982
2017-01-20 22:53:19.577,920,380993
2017-01-20 22:53:39.857,920,381004
2017-01-20 22:54:00.133,920,381015
2017-01-20 22:54:20.413,920,381026
2017-01-20 22:54:40.693,920,381038
2017-01-20 22:55:00.970,920,381049
2017-01-20 22:55:21.250,920,381060
2017-01-20 22:55:41.530,920,381071
2017-01-20 22:56:01.807,920,381082
2017-01-20 22:56:22.087,920,381093
2017-01-20 22:56:42.367,920,381105
2017-01-20 22:57:02.647,920,381116
2017-01-20 22:57:22.927,920,381127
2017-01-20 22:57:43.203,920,381138
2017-01-20 22:58:03.483,920,381149
2017-01-20 22:58:23.763,920,381160
2017-01-20 22:58:44.040,920,381172
2017-01-20 22:59:04.317,920,381183
2017-01-20 22:59:24.597,920,381194
2017-01-20 22:59:44.877,920,381205
2017-01-20 23:00:05.157,920,381216
2017-01-20 23:00:25.450,920,381227
2017-01-20 23:00:45.730,920,381239
2017-01-20 23:01:06.010,920,381250
2017-01-20 23:01:26.287,920,381261
2017-01-20 23:01:46.567,920,381272
2017-01-20 23:02:06.847,920,381283
2017-01-20 23:02:27.123,920,381294
2017-01-20 23:02:47.403,920,381306
2017-01-20 23:03:07.683,920,381317
2017-01-20 23:03:27.960,920,381328
2017-01-20 23:03:48.247,920,381339
2017-01-20 23:04:08.520,920,381350
2017-01-20 23:04:28.797,920,381361
2017-01-20 23:04:49.080,920,381373
2017-01-20 23:05:09.357,920,381384
2017-01-20 23:05:29.637,920,381395
2017-01-20 23:05:49.913,920,381406
2017-01-20 23:06:10.197,920,381417
2017-01-20 23:06:30.470,920,381428
2017-01-20 23:06:50.750,920,381440
2017-01-20 23:07:11.033,920,381451
2017-01-20 23:07:31.307,920,381462
2017-01-20 23:07:51.587,920,381473
2017-01-20 23:08:11.867,920,381484
2017-01-20 23:08:32.147,920,381495
2017-01-20 23:08:52.427,920,381507
2017-01-20 23:09:12.703,920,381518
2017-01-20 23:09:32.987,920,381529
2017-01-20 23:09:53.260,920,381540
2017-01-20 23:10:13.540,920,381551
2017-01-20 23:10:33.837,920,381562
2017-01-20 23:10:54.113,920,381574
2017-01-20 23:11:14.393,920,381585
2017-01-20 23:11:34.673,920,381596
2017-01-20 23:11:54.950,920,381607
2017-01-20 23:12:15.233,920,381618
2017-01-20 23:12:35.510,920,381629
2017-01-20 23:12:55.787,920,381641
2017-01-20 23:13:16.067,920,381652
2017-01-20 23:13:36.363,920,381663
2017-01-20 23:13:56.640,920,381674
2017-01-20 23:14:16.923,920,381685
2017-01-20 23:14:37.203,920,381696
2017-01-20 23:14:57.483,920,381708
2017-01-20 23:15:17.763,920,381719
2017-01-20 23:15:38.047,920,381730
2017-01-20 23:15:58.327,920,381741
2017-01-20 23:16:18.607,920,381752
2017-01-20 23:16:38.890,920,381763
2017-01-20 23:16:59.170,920,381775
2017-01-20 23:17:19.450,920,381786
2017-01-20 23:17:39.733,920,381797
2017-01-20 23:18:00.013,920,381808
2017-01-20 23:18:20.293,920,381819
2017-01-20 23:18:40.573,920,381830
2017-01-20 23:19:00.853,920,381842
2017-01-20 23:19:21.150,920,381853
2017-01-20 23:19:41.433,920,381864
2017-01-20 23:20:01.713,920,381875
2017-01-20 23:20:21.993,920,381886
2017-01-20 23:20:42.277,920,381897
2017-01-20 23:21:02.557,920,381909
2017-01-20 23:21:22.837,920,381920
2017-01-20 23:21:43.133,920,381931
2017-01-20 23:22:03.413,920,381942
2017-01-20 23:22:23.697,920,381953
2017-01-20 23:22:43.977,920,381964
2017-01-20 23:23:04.260,920,381976
2017-01-20 23:23:24.537,920,381987
2017-01-20 23:23:44.820,920,381998
2017-01-20 23:24:05.117,920,382009
2017-01-20 23:24:25.397,920,382020
2017-01-20 23:24:45.680,920,382031
2017-01-20 23:25:05.960,920,382043
2017-01-20 23:25:26.240,920,382054
2017-01-20 23:25:46.523,920,382065
2017-01-20 23:26:06.803,920,382076
2017-01-20 23:26:27.083,920,382087
2017-01-20 23:26:47.367,920,382098
2017-01-20 23:27:07.647,920,382110
2017-01-20 23:27:27.927,920,382121
2017-01-20 23:27:48.207,920,382132
2017-01-20 23:28:08.487,920,382143
2017-01-20 23:28:28.770,920,382154
2017-01-20 23:28:49.050,920,382165
2017-01-20 23:29:09.347,920,382177
2017-01-20 23:29:29.627,920,382188
2017-01-20 23:29:49.903,920,382199
2017-01-20 23:30:10.183,920,382210
2017-01-20 23:30:30.463,920,382221
2017-01-20 23:30:50.743,920,382232
2017-01-20 23:31:11.037,920,382244
2017-01-20 23:31:31.313,920,382255
2017-01-20 23:31:51.593,920,382266
2017-01-20 23:32:11.873,920,382277
2017-01-20 23:32:32.197,920,382288
2017-01-20 23:32:52.477,920,382299
2017-01-20 23:33:12.757,920,382311
2017-01-20 23:33:33.037,920,382322
2017-01-20 23:33:53.313,920,382333
2017-01-20 23:34:13.593,920,382344
2017-01-20 23:34:33.873,920,382355
2017-01-20 23:34:54.153,920,382366
2017-01-20 23:35:14.433,920,382378
2017-01-20 23:35:34.710,920,382389
2017-01-20 23:35:54.987,920,382400
2017-01-20 23:36:15.267,920,382411
2017-01-20 23:36:35.547,920,382422
2017-01-20 23:36:55.827,920,382433
2017-01-20 23:37:16.107,920,382445
2017-01-20 23:37:36.383,920,382456
2017-01-20 23:37:56.667,920,382467
2017-01-20 23:38:16.940,920,382478
2017-01-20 23:38:37.220,920,382489
2017-01-20 23:38:57.497,920,382500
2017-01-20 23:39:17.780,920,382512
2017-01-20 23:39:38.057,920,382523
2017-01-20 23:39:58.337,920,382534
2017-01-20 23:40:18.613,920,382545
2017-01-20 23:40:38.893,920,382556
2017-01-20 23:40:59.173,920,382567
2017-01-20 23:41:19.450,920,382579
2017-01-20 23:41:39.730,920,382590
2017-01-20 23:42:00.010,920,382601
2017-01-20 23:42:20.290,920,382612
2017-01-20 23:42:40.583,920,382623
2017-01-20 23:43:00.863,920,382634
2017-01-20 23:43:21.173,920,382646
2017-01-20 23:43:41.467,920,382657
2017-01-20 23:44:01.747,920,382668
2017-01-20 23:44:22.023,920,382679
2017-01-20 23:44:42.303,920,382690
2017-01-20 23:45:02.597,920,382701
2017-01-20 23:45:22.877,920,382713
2017-01-20 23:45:43.157,920,382724
2017-01-20 23:46:03.437,920,382735
2017-01-20 23:46:23.713,920,382746
2017-01-20 23:46:43.993,920,382757
2017-01-20 23:47:04.273,920,382768
2017-01-20 23:47:24.553,920,382780
2017-01-20 23:47:44.830,920,382791
2017-01-20 23:48:05.113,920,382802
2017-01-20 23:48:25.393,920,382813
2017-01-20 23:48:45.673,920,382824
2017-01-20 23:49:05.953,920,382835
2017-01-20 23:49:26.233,920,382847
2017-01-20 23:49:46.517,920,382858
2017-01-20 23:50:06.797,920,382869
2017-01-20 23:50:27.077,920,382880
2017-01-20 23:50:47.357,920,382891
2017-01-20 23:51:07.640,920,382902
2017-01-20 23:51:27.920,920,382914
2017-01-20 23:51:48.200,920,382925
2017-01-20 23:52:08.480,920,382936
2017-01-20 23:52:28.763,920,382947
2017-01-20 23:52:49.043,920,382958
2017-01-20 23:53:09.327,920,382969
2017-01-20 23:53:29.607,920,382981
2017-01-20 23:53:49.887,920,382992
2017-01-20 23:54:10.167,920,383003
2017-01-20 23:54:30.447,920,383014
2017-01-20 23:54:50.730,920,383025
2017-01-20 23:55:11.013,920,383036
2017-01-20 23:55:31.293,920,383048
2017-01-20 23:55:51.577,920,383059
2017-01-20 23:56:11.853,920,383070
2017-01-20 23:56:32.137,920,383081
2017-01-20 23:56:52.417,920,383092
2017-01-20 23:57:12.697,920,383103
2017-01-20 23:57:32.977,920,383115
2017-01-20 23:57:53.260,920,383126
2017-01-20 23:58:13.540,920,383137
2017-01-20 23:58:33.823,920,383148
2017-01-20 23:58:54.103,920,383159
2017-01-20 23:59:14.383,920,383170
2017-01-20 23:59:34.663,920,383182
2017-01-20 23:59:54.947,920,383193
2017-01-21 00:00:15.240,920,383204
2017-01-21 00:00:35.523,920,383215
2017-01-21 00:00:55.803,920,383226
2017-01-21 00:01:16.087,920,383237
2017-01-21 00:01:36.367,920,383249
2017-01-21 00:01:56.647,920,383260
2017-01-21 00:02:16.927,920,383271
2017-01-21 00:02:37.207,920,383282
2017-01-21 00:02:57.490,920,383293
2017-01-21 00:03:17.770,920,383304
2017-01-21 00:03:38.050,920,383316
2017-01-21 00:03:58.333,920,383327
2017-01-21 00:04:18.613,920,383338
2017-01-20 22:44:52.667,982,380715
2017-01-20 22:45:12.937,982,380726
2017-01-20 22:45:33.213,982,380737
2017-01-20 22:45:53.487,982,380748
2017-01-20 22:46:13.763,982,380759
2017-01-20 22:46:34.043,982,380771
2017-01-20 22:46:54.313,982,380782
2017-01-20 22:47:14.587,982,380793
2017-01-20 22:47:34.867,982,380804
2017-01-20 22:47:55.137,982,380815
2017-01-20 22:48:15.413,982,380826
2017-01-20 22:48:35.687,982,380838
2017-01-20 22:48:55.960,982,380849
2017-01-20 22:49:16.237,982,380860
2017-01-20 22:49:36.510,982,380871
2017-01-20 22:49:56.787,982,380882
2017-01-20 22:50:17.067,982,380893
2017-01-20 22:50:37.343,982,380905
2017-01-20 22:50:57.623,982,380916
2017-01-20 22:51:17.903,982,380927
2017-01-20 22:51:38.180,982,380938
2017-01-20 22:51:58.460,982,380949
2017-01-20 22:52:18.740,982,380960
2017-01-20 22:52:39.020,982,380972
2017-01-20 22:52:59.297,982,380983
2017-01-20 22:53:19.577,982,380994
2017-01-20 22:53:39.857,982,381005
2017-01-20 22:54:00.133,982,381016
2017-01-20 22:54:20.413,982,381027
2017-01-20 22:54:40.693,982,381039
2017-01-20 22:55:00.970,982,381050
2017-01-20 22:55:21.250,982,381061
2017-01-20 22:55:41.530,982,381072
2017-01-20 22:56:01.807,982,381083
2017-01-20 22:56:22.087,982,381094
2017-01-20 22:56:42.367,982,381106
2017-01-20 22:57:02.647,982,381117
2017-01-20 22:57:22.927,982,381128
2017-01-20 22:57:43.203,982,381139
2017-01-20 22:58:03.483,982,381150
2017-01-20 22:58:23.763,982,381161
2017-01-20 22:58:44.040,982,381173
2017-01-20 22:59:04.317,982,381184
2017-01-20 22:59:24.597,982,381195
2017-01-20 22:59:44.877,982,381206
2017-01-20 23:00:05.157,982,381217
2017-01-20 23:00:25.450,982,381228
2017-01-20 23:00:45.730,982,381240
2017-01-20 23:01:06.010,982,381251
2017-01-20 23:01:26.287,982,381262
2017-01-20 23:01:46.567,982,381273
2017-01-20 23:02:06.847,982,381284
2017-01-20 23:02:27.123,982,381295
2017-01-20 23:02:47.403,982,381307
2017-01-20 23:03:07.683,982,381318
2017-01-20 23:03:27.960,982,381329
2017-01-20 23:03:48.247,982,381340
2017-01-20 23:04:08.520,982,381351
2017-01-20 23:04:28.797,982,381362
2017-01-20 23:04:49.080,982,381374
2017-01-20 23:05:09.357,982,381385
2017-01-20 23:05:29.637,982,381396
2017-01-20 23:05:49.913,982,381407
2017-01-20 23:06:10.197,982,381418
2017-01-20 23:06:30.470,982,381429
2017-01-20 23:06:50.750,982,381441
2017-01-20 23:07:11.033,982,381452
2017-01-20 23:07:31.307,982,381463
2017-01-20 23:07:51.587,982,381474
2017-01-20 23:08:11.867,982,381485
2017-01-20 23:08:32.147,982,381496
2017-01-20 23:08:52.427,982,381508
2017-01-20 23:09:12.703,982,381519
2017-01-20 23:09:32.987,982,381530
2017-01-20 23:09:53.260,982,381541
2017-01-20 23:10:13.540,982,381552
2017-01-20 23:10:33.837,982,381563
2017-01-20 23:10:54.113,982,381575
2017-01-20 23:11:14.393,982,381586
2017-01-20 23:11:34.673,982,381597
2017-01-20 23:11:54.950,982,381608
2017-01-20 23:12:15.233,982,381619
2017-01-20 23:12:35.510,982,381630
2017-01-20 23:12:55.787,982,381642
2017-01-20 23:13:16.067,982,381653
2017-01-20 23:13:36.363,982,381664
2017-01-20 23:13:56.640,982,381675
2017-01-20 23:14:16.923,982,381686
2017-01-20 23:14:37.203,982,381697
2017-01-20 23:14:57.483,982,381709
2017-01-20 23:15:17.763,982,381720
2017-01-20 23:15:38.047,982,381731
2017-01-20 23:15:58.327,982,381742
2017-01-20 23:16:18.607,982,381753
2017-01-20 23:16:38.890,982,381764
2017-01-20 23:16:59.170,982,381776
2017-01-20 23:17:19.450,982,381787
2017-01-20 23:17:39.733,982,381798
2017-01-20 23:18:00.013,982,381809
2017-01-20 23:18:20.293,982,381820
2017-01-20 23:18:40.573,982,381831
2017-01-20 23:19:00.853,982,381843
2017-01-20 23:19:21.150,982,381854
2017-01-20 23:19:41.433,982,381865
2017-01-20 23:20:01.713,982,381876
2017-01-20 23:20:21.993,982,381887
2017-01-20 23:20:42.277,982,381898
2017-01-20 23:21:02.557,982,381910
2017-01-20 23:21:22.837,982,381921
2017-01-20 23:21:43.133,982,381932
2017-01-20 23:22:03.413,982,381943
2017-01-20 23:22:23.697,982,381954
2017-01-20 23:22:43.977,982,381965
2017-01-20 23:23:04.260,982,381977
2017-01-20 23:23:24.537,982,381988
2017-01-20 23:23:44.820,982,381999
2017-01-20 23:24:05.117,982,382010
2017-01-20 23:24:25.397,982,382021
2017-01-20 23:24:45.680,982,382032
2017-01-20 23:25:05.960,982,382044
2017-01-20 23:25:26.240,982,382055
2017-01-20 23:25:46.523,982,382066
2017-01-20 23:26:06.803,982,382077
2017-01-20 23:26:27.083,982,382088
2017-01-20 23:26:47.367,982,382099
2017-01-20 23:27:07.647,982,382111
2017-01-20 23:27:27.927,982,382122
2017-01-20 23:27:48.207,982,382133
2017-01-20 23:28:08.487,982,382144
2017-01-20 23:28:28.770,982,382155
2017-01-20 23:28:49.050,982,382166
2017-01-20 23:29:09.347,982,382178
2017-01-20 23:29:29.627,982,382189
2017-01-20 23:29:49.903,982,382200
2017-01-20 23:30:10.183,982,382211
2017-01-20 23:30:30.463,982,382222
2017-01-20 23:30:50.743,982,382233
2017-01-20 23:31:11.037,982,382245
2017-01-20 23:31:31.313,982,382256
2017-01-20 23:31:51.593,982,382267
2017-01-20 23:32:11.873,982,382278
2017-01-20 23:32:32.197,982,382289
2017-01-20 23:32:52.477,982,382300
2017-01-20 23:33:12.757,982,382312
2017-01-20 23:33:33.037,982,382323
2017-01-20 23:33:53.313,982,382334
2017-01-20 23:34:13.593,982,382345
2017-01-20 23:34:33.873,982,382356
2017-01-20 23:34:54.153,982,382367
2017-01-20 23:35:14.433,982,382379
2017-01-20 23:35:34.710,982,382390
2017-01-20 23:35:54.987,982,382401
2017-01-20 23:36:15.267,982,382412
2017-01-20 23:36:35.547,982,382423
2017-01-20 23:36:55.827,982,382434
2017-01-20 23:37:16.107,982,382446
2017-01-20 23:37:36.383,982,382457
2017-01-20 23:37:56.667,982,382468
2017-01-20 23:38:16.940,982,382479
2017-01-20 23:38:37.220,982,382490
2017-01-20 23:38:57.497,982,382501
2017-01-20 23:39:17.780,982,382513
2017-01-20 23:39:38.057,982,382524
2017-01-20 23:39:58.337,982,382535
2017-01-20 23:40:18.613,982,382546
2017-01-20 23:40:38.893,982,382557
2017-01-20 23:40:59.173,982,382568
2017-01-20 23:41:19.450,982,382580
2017-01-20 23:41:39.730,982,382591
2017-01-20 23:42:00.010,982,382602
2017-01-20 23:42:20.290,982,382613
2017-01-20 23:42:40.583,982,382624
2017-01-20 23:43:00.863,982,382635
2017-01-20 23:43:21.173,982,382647
2017-01-20 23:43:41.467,982,382658
2017-01-20 23:44:01.747,982,382669
2017-01-20 23:44:22.023,982,382680
2017-01-20 23:44:42.303,982,382691
2017-01-20 23:45:02.597,982,382702
2017-01-20 23:45:22.877,982,382714
2017-01-20 23:45:43.157,982,382725
2017-01-20 23:46:03.437,982,382736
2017-01-20 23:46:23.713,982,382747
2017-01-20 23:46:43.993,982,382758
2017-01-20 23:47:04.273,982,382769
2017-01-20 23:47:24.553,982,382781
2017-01-20 23:47:44.830,982,382792
2017-01-20 23:48:05.113,982,382803
2017-01-20 23:48:25.393,982,382814
2017-01-20 23:48:45.673,982,382825
2017-01-20 23:49:05.953,982,382836
2017-01-20 23:49:26.233,982,382848
2017-01-20 23:49:46.517,982,382859
2017-01-20 23:50:06.797,982,382870
2017-01-20 23:50:27.077,982,382881
2017-01-20 23:50:47.357,982,382892
2017-01-20 23:51:07.640,982,382903
2017-01-20 23:51:27.920,982,382915
2017-01-20 23:51:48.200,982,382926
2017-01-20 23:52:08.480,982,382937
2017-01-20 23:52:28.763,982,382948
2017-01-20 23:52:49.043,982,382959
2017-01-20 23:53:09.327,982,382970
2017-01-20 23:53:29.607,982,382982
2017-01-20 23:53:49.887,982,382993
2017-01-20 23:54:10.167,982,383004
2017-01-20 23:54:30.447,982,383015
2017-01-20 23:54:50.730,982,383026
2017-01-20 23:55:11.013,982,383037
2017-01-20 23:55:31.293,982,383049
2017-01-20 23:55:51.577,982,383060
2017-01-20 23:56:11.853,982,383071
2017-01-20 23:56:32.137,982,383082
2017-01-20 23:56:52.417,982,383093
2017-01-20 23:57:12.697,982,383104
2017-01-20 23:57:32.977,982,383116
2017-01-20 23:57:53.260,982,383127
2017-01-20 23:58:13.540,982,383138
2017-01-20 23:58:33.823,982,383149
2017-01-20 23:58:54.103,982,383160
2017-01-20 23:59:14.383,982,383171
2017-01-20 23:59:34.663,982,383183
2017-01-20 23:59:54.947,982,383194
2017-01-21 00:00:15.240,982,383205
2017-01-21 00:00:35.523,982,383216
2017-01-21 00:00:55.803,982,383227
2017-01-21 00:01:16.087,982,383238
2017-01-21 00:01:36.367,982,383250
2017-01-21 00:01:56.647,982,383261
2017-01-21 00:02:16.927,982,383272
2017-01-21 00:02:37.207,982,383283
2017-01-21 00:02:57.490,982,383294
2017-01-21 00:03:17.770,982,383305
2017-01-21 00:03:38.050,982,383317
2017-01-21 00:03:58.333,982,383328
2017-01-21 00:04:18.613,982,383339
2017-01-20 22:44:52.667,1044,380716
2017-01-20 22:45:12.937,1044,380727
2017-01-20 22:45:33.213,1044,380738
2017-01-20 22:45:53.487,1044,380749
2017-01-20 22:46:13.763,1044,380760
2017-01-20 22:46:34.043,1044,380772
2017-01-20 22:46:54.313,1044,380783
2017-01-20 22:47:14.587,1044,380794
2017-01-20 22:47:34.867,1044,380805
2017-01-20 22:47:55.137,1044,380816
2017-01-20 22:48:15.413,1044,380827
2017-01-20 22:48:35.687,1044,380839
2017-01-20 22:48:55.960,1044,380850
2017-01-20 22:49:16.237,1044,380861
2017-01-20 22:49:36.510,1044,380872
2017-01-20 22:49:56.787,1044,380883
2017-01-20 22:50:17.067,1044,380894
2017-01-20 22:50:37.343,1044,380906
2017-01-20 22:50:57.623,1044,380917
2017-01-20 22:51:17.903,1044,380928
2017-01-20 22:51:38.180,1044,380939
2017-01-20 22:51:58.460,1044,380950
2017-01-20 22:52:18.740,1044,380961
2017-01-20 22:52:39.020,1044,380973
2017-01-20 22:52:59.297,1044,380984
2017-01-20 22:53:19.577,1044,380995
2017-01-20 22:53:39.857,1044,381006
2017-01-20 22:54:00.133,1044,381017
2017-01-20 22:54:20.413,1044,381028
2017-01-20 22:54:40.693,1044,381040
2017-01-20 22:55:00.970,1044,381051
2017-01-20 22:55:21.250,1044,381062
2017-01-20 22:55:41.530,1044,381073
2017-01-20 22:56:01.807,1044,381084
2017-01-20 22:56:22.087,1044,381095
2017-01-20 22:56:42.367,1044,381107
2017-01-20 22:57:02.647,1044,381118
2017-01-20 22:57:22.927,1044,381129
2017-01-20 22:57:43.203,1044,381140
2017-01-20 22:58:03.483,1044,381151
2017-01-20 22:58:23.763,1044,381162
2017-01-20 22:58:44.040,1044,381174
2017-01-20 22:59:04.317,1044,381185
2017-01-20 22:59:24.597,1044,381196
2017-01-20 22:59:44.877,1044,381207
2017-01-20 23:00:05.157,1044,381218
2017-01-20 23:00:25.450,1044,381229
2017-01-20 23:00:45.730,1044,381241
2017-01-20 23:01:06.010,1044,381252
2017-01-20 23:01:26.287,1044,381263
2017-01-20 23:01:46.567,1044,381274
2017-01-20 23:02:06.847,1044,381285
2017-01-20 23:02:27.123,1044,381296
2017-01-20 23:02:47.403,1044,381308
2017-01-20 23:03:07.683,1044,381319
2017-01-20 23:03:27.960,1044,381330
2017-01-20 23:03:48.247,1044,381341
2017-01-20 23:04:08.520,1044,381352
2017-01-20 23:04:28.797,1044,381363
2017-01-20 23:04:49.080,1044,381375
2017-01-20 23:05:09.357,1044,381386
2017-01-20 23:05:29.637,1044,381397
2017-01-20 23:05:49.913,1044,381408
2017-01-20 23:06:10.197,1044,381419
2017-01-20 23:06:30.470,1044,381430
2017-01-20 23:06:50.750,1044,381442
2017-01-20 23:07:11.033,1044,381453
2017-01-20 23:07:31.307,1044,381464
2017-01-20 23:07:51.587,1044,381475
2017-01-20 23:08:11.867,1044,381486
2017-01-20 23:08:32.147,1044,381497
2017-01-20 23:08:52.427,1044,381509
2017-01-20 23:09:12.703,1044,381520
2017-01-20 23:09:32.987,1044,381531
2017-01-20 23:09:53.260,1044,381542
2017-01-20 23:10:13.540,1044,381553
2017-01-20 23:10:33.837,1044,381564
2017-01-20 23:10:54.113,1044,381576
2017-01-20 23:11:14.393,1044,381587
2017-01-20 23:11:34.673,1044,381598
2017-01-20 23:11:54.950,1044,381609
2017-01-20 23:12:15.233,1044,381620
2017-01-20 23:12:35.510,1044,381631
2017-01-20 23:12:55.787,1044,381643
2017-01-20 23:13:16.067,1044,381654
2017-01-20 23:13:36.363,1044,381665
2017-01-20 23:13:56.640,1044,381676
2017-01-20 23:14:16.923,1044,381687
2017-01-20 23:14:37.203,1044,381698
2017-01-20 23:14:57.483,1044,381710
2017-01-20 23:15:17.763,1044,381721
2017-01-20 23:15:38.047,1044,381732
2017-01-20 23:15:58.327,1044,381743
2017-01-20 23:16:18.607,1044,381754
2017-01-20 23:16:38.890,1044,381765
2017-01-20 23:16:59.170,1044,381777
2017-01-20 23:17:19.450,1044,381788
2017-01-20 23:17:39.733,1044,381799
2017-01-20 23:18:00.013,1044,381810
2017-01-20 23:18:20.293,1044,381821
2017-01-20 23:18:40.573,1044,381832
2017-01-20 23:19:00.853,1044,381844
2017-01-20 23:19:21.150,1044,381855
2017-01-20 23:19:41.433,1044,381866
2017-01-20 23:20:01.713,1044,381877
2017-01-20 23:20:21.993,1044,381888
2017-01-20 23:20:42.277,1044,381899
2017-01-20 23:21:02.557,1044,381911
2017-01-20 23:21:22.837,1044,381922
2017-01-20 23:21:43.133,1044,381933
2017-01-20 23:22:03.413,1044,381944
2017-01-20 23:22:23.697,1044,381955
2017-01-20 23:22:43.977,1044,381966
2017-01-20 23:23:04.260,1044,381978
2017-01-20 23:23:24.537,1044,381989
2017-01-20 23:23:44.820,1044,382000
2017-01-20 23:24:05.117,1044,382011
2017-01-20 23:24:25.397,1044,382022
2017-01-20 23:24:45.680,1044,382033
2017-01-20 23:25:05.960,1044,382045
2017-01-20 23:25:26.240,1044,382056
2017-01-20 23:25:46.523,1044,382067
2017-01-20 23:26:06.803,1044,382078
2017-01-20 23:26:27.083,1044,382089
2017-01-20 23:26:47.367,1044,382100
2017-01-20 23:27:07.647,1044,382112
2017-01-20 23:27:27.927,1044,382123
2017-01-20 23:27:48.207,1044,382134
2017-01-20 23:28:08.487,1044,382145
2017-01-20 23:28:28.770,1044,382156
2017-01-20 23:28:49.050,1044,382167
2017-01-20 23:29:09.347,1044,382179
2017-01-20 23:29:29.627,1044,382190
2017-01-20 23:29:49.903,1044,382201
2017-01-20 23:30:10.183,1044,382212
2017-01-20 23:30:30.463,1044,382223
2017-01-20 23:30:50.743,1044,382234
2017-01-20 23:31:11.037,1044,382246
2017-01-20 23:31:31.313,1044,382257
2017-01-20 23:31:51.593,1044,382268
2017-01-20 23:32:11.873,1044,382279
2017-01-20 23:32:32.197,1044,382290
2017-01-20 23:32:52.477,1044,382301
2017-01-20 23:33:12.757,1044,382313
2017-01-20 23:33:33.037,1044,382324
2017-01-20 23:33:53.313,1044,382335
2017-01-20 23:34:13.593,1044,382346
2017-01-20 23:34:33.873,1044,382357
2017-01-20 23:34:54.153,1044,382368
2017-01-20 23:35:14.433,1044,382380
2017-01-20 23:35:34.710,1044,382391
2017-01-20 23:35:54.987,1044,382402
2017-01-20 23:36:15.267,1044,382413
2017-01-20 23:36:35.547,1044,382424
2017-01-20 23:36:55.827,1044,382435
2017-01-20 23:37:16.107,1044,382447
2017-01-20 23:37:36.383,1044,382458
2017-01-20 23:37:56.667,1044,382469
2017-01-20 23:38:16.940,1044,382480
2017-01-20 23:38:37.220,1044,382491
2017-01-20 23:38:57.497,1044,382502
2017-01-20 23:39:17.780,1044,382514
2017-01-20 23:39:38.057,1044,382525
2017-01-20 23:39:58.337,1044,382536
2017-01-20 23:40:18.613,1044,382547
2017-01-20 23:40:38.893,1044,382558
2017-01-20 23:40:59.173,1044,382569
2017-01-20 23:41:19.450,1044,382581
2017-01-20 23:41:39.730,1044,382592
2017-01-20 23:42:00.010,1044,382603
2017-01-20 23:42:20.290,1044,382614
2017-01-20 23:42:40.583,1044,382625
2017-01-20 23:43:00.863,1044,382636
2017-01-20 23:43:21.173,1044,382648
2017-01-20 23:43:41.467,1044,382659
2017-01-20 23:44:01.747,1044,382670
2017-01-20 23:44:22.023,1044,382681
2017-01-20 23:44:42.303,1044,382692
2017-01-20 23:45:02.597,1044,382703
2017-01-20 23:45:22.877,1044,382715
2017-01-20 23:45:43.157,1044,382726
2017-01-20 23:46:03.437,1044,382737
2017-01-20 23:46:23.713,1044,382748
2017-01-20 23:46:43.993,1044,382759
2017-01-20 23:47:04.273,1044,382770
2017-01-20 23:47:24.553,1044,382782
2017-01-20 23:47:44.830,1044,382793
2017-01-20 23:48:05.113,1044,382804
2017-01-20 23:48:25.393,1044,382815
2017-01-20 23:48:45.673,1044,382826
2017-01-20 23:49:05.953,1044,382837
2017-01-20 23:49:26.233,1044,382849
2017-01-20 23:49:46.517,1044,382860
2017-01-20 23:50:06.797,1044,382871
2017-01-20 23:50:27.077,1044,382882
2017-01-20 23:50:47.357,1044,382893
2017-01-20 23:51:07.640,1044,382904
2017-01-20 23:51:27.920,1044,382916
2017-01-20 23:51:48.200,1044,382927
2017-01-20 23:52:08.480,1044,382938
2017-01-20 23:52:28.763,1044,382949
2017-01-20 23:52:49.043,1044,382960
2017-01-20 23:53:09.327,1044,382971
2017-01-20 23:53:29.607,1044,382983
2017-01-20 23:53:49.887,1044,382994
2017-01-20 23:54:10.167,1044,383005
2017-01-20 23:54:30.447,1044,383016
2017-01-20 23:54:50.730,1044,383027
2017-01-20 23:55:11.013,1044,383038
2017-01-20 23:55:31.293,1044,383050
2017-01-20 23:55:51.577,1044,383061
2017-01-20 23:56:11.853,1044,383072
2017-01-20 23:56:32.137,1044,383083
2017-01-20 23:56:52.417,1044,383094
2017-01-20 23:57:12.697,1044,383105
2017-01-20 23:57:32.977,1044,383117
2017-01-20 23:57:53.260,1044,383128
2017-01-20 23:58:13.540,1044,383139
2017-01-20 23:58:33.823,1044,383150
2017-01-20 23:58:54.103,1044,383161
2017-01-20 23:59:14.383,1044,383172
2017-01-20 23:59:34.663,1044,383184
2017-01-20 23:59:54.947,1044,383195
2017-01-21 00:00:15.240,1044,383206
2017-01-21 00:00:35.523,1044,383217
2017-01-21 00:00:55.803,1044,383228
2017-01-21 00:01:16.087,1044,383239
2017-01-21 00:01:36.367,1044,383251
2017-01-21 00:01:56.647,1044,383262
2017-01-21 00:02:16.927,1044,383273
2017-01-21 00:02:37.207,1044,383284
2017-01-21 00:02:57.490,1044,383295
2017-01-21 00:03:17.770,1044,383306
2017-01-21 00:03:38.050,1044,383318
2017-01-21 00:03:58.333,1044,383329
2017-01-21 00:04:18.613,1044,383340
2017-01-20 22:44:52.667,1106,380717
2017-01-20 22:45:12.937,1106,380728
2017-01-20 22:45:33.213,1106,380739
2017-01-20 22:45:53.487,1106,380750
2017-01-20 22:46:13.763,1106,380761
2017-01-20 22:46:34.043,1106,380773
2017-01-20 22:46:54.313,1106,380784
2017-01-20 22:47:14.587,1106,380795
2017-01-20 22:47:34.867,1106,380806
2017-01-20 22:47:55.137,1106,380817
2017-01-20 22:48:15.413,1106,380828
2017-01-20 22:48:35.687,1106,380840
2017-01-20 22:48:55.960,1106,380851
2017-01-20 22:49:16.237,1106,380862
2017-01-20 22:49:36.510,1106,380873
2017-01-20 22:49:56.787,1106,380884
2017-01-20 22:50:17.067,1106,380895
2017-01-20 22:50:37.343,1106,380907
2017-01-20 22:50:57.623,1106,380918
2017-01-20 22:51:17.903,1106,380929
2017-01-20 22:51:38.180,1106,380940
2017-01-20 22:51:58.460,1106,380951
2017-01-20 22:52:18.740,1106,380962
2017-01-20 22:52:39.020,1106,380974
2017-01-20 22:52:59.297,1106,380985
2017-01-20 22:53:19.577,1106,380996
2017-01-20 22:53:39.857,1106,381007
2017-01-20 22:54:00.133,1106,381018
2017-01-20 22:54:20.413,1106,381029
2017-01-20 22:54:40.693,1106,381041
2017-01-20 22:55:00.970,1106,381052
2017-01-20 22:55:21.250,1106,381063
2017-01-20 22:55:41.530,1106,381074
2017-01-20 22:56:01.807,1106,381085
2017-01-20 22:56:22.087,1106,381096
2017-01-20 22:56:42.367,1106,381108
2017-01-20 22:57:02.647,1106,381119
2017-01-20 22:57:22.927,1106,381130
2017-01-20 22:57:43.203,1106,381141
2017-01-20 22:58:03.483,1106,381152
2017-01-20 22:58:23.763,1106,381163
2017-01-20 22:58:44.040,1106,381175
2017-01-20 22:59:04.317,1106,381186
2017-01-20 22:59:24.597,1106,381197
2017-01-20 22:59:44.877,1106,381208
2017-01-20 23:00:05.157,1106,381219
2017-01-20 23:00:25.450,1106,381230
2017-01-20 23:00:45.730,1106,381242
2017-01-20 23:01:06.010,1106,381253
2017-01-20 23:01:26.287,1106,381264
2017-01-20 23:01:46.567,1106,381275
2017-01-20 23:02:06.847,1106,381286
2017-01-20 23:02:27.123,1106,381297
2017-01-20 23:02:47.403,1106,381309
2017-01-20 23:03:07.683,1106,381320
2017-01-20 23:03:27.960,1106,381331
2017-01-20 23:03:48.247,1106,381342
2017-01-20 23:04:08.520,1106,381353
2017-01-20 23:04:28.797,1106,381364
2017-01-20 23:04:49.080,1106,381376
2017-01-20 23:05:09.357,1106,381387
2017-01-20 23:05:29.637,1106,381398
2017-01-20 23:05:49.913,1106,381409
2017-01-20 23:06:10.197,1106,381420
2017-01-20 23:06:30.470,1106,381431
2017-01-20 23:06:50.750,1106,381443
2017-01-20 23:07:11.033,1106,381454
2017-01-20 23:07:31.307,1106,381465
2017-01-20 23:07:51.587,1106,381476
2017-01-20 23:08:11.867,1106,381487
2017-01-20 23:08:32.147,1106,381498
2017-01-20 23:08:52.427,1106,381510
2017-01-20 23:09:12.703,1106,381521
2017-01-20 23:09:32.987,1106,381532
2017-01-20 23:09:53.260,1106,381543
2017-01-20 23:10:13.540,1106,381554
2017-01-20 23:10:33.837,1106,381565
2017-01-20 23:10:54.113,1106,381577
2017-01-20 23:11:14.393,1106,381588
2017-01-20 23:11:34.673,1106,381599
2017-01-20 23:11:54.950,1106,381610
2017-01-20 23:12:15.233,1106,381621
2017-01-20 23:12:35.510,1106,381632
2017-01-20 23:12:55.787,1106,381644
2017-01-20 23:13:16.067,1106,381655
2017-01-20 23:13:36.363,1106,381666
2017-01-20 23:13:56.640,1106,381677
2017-01-20 23:14:16.923,1106,381688
2017-01-20 23:14:37.203,1106,381699
2017-01-20 23:14:57.483,1106,381711
2017-01-20 23:15:17.763,1106,381722
2017-01-20 23:15:38.047,1106,381733
2017-01-20 23:15:58.327,1106,381744
2017-01-20 23:16:18.607,1106,381755
2017-01-20 23:16:38.890,1106,381766
2017-01-20 23:16:59.170,1106,381778
2017-01-20 23:17:19.450,1106,381789
2017-01-20 23:17:39.733,1106,381800
2017-01-20 23:18:00.013,1106,381811
2017-01-20 23:18:20.293,1106,381822
2017-01-20 23:18:40.573,1106,381833
2017-01-20 23:19:00.853,1106,381845
2017-01-20 23:19:21.150,1106,381856
2017-01-20 23:19:41.433,1106,381867
2017-01-20 23:20:01.713,1106,381878
2017-01-20 23:20:21.993,1106,381889
2017-01-20 23:20:42.277,1106,381900
2017-01-20 23:21:02.557,1106,381912
2017-01-20 23:21:22.837,1106,381923
2017-01-20 23:21:43.133,1106,381934
2017-01-20 23:22:03.413,1106,381945
2017-01-20 23:22:23.697,1106,381956
2017-01-20 23:22:43.977,1106,381967
2017-01-20 23:23:04.260,1106,381979
2017-01-20 23:23:24.537,1106,381990
2017-01-20 23:23:44.820,1106,382001
2017-01-20 23:24:05.117,1106,382012
2017-01-20 23:24:25.397,1106,382023
2017-01-20 23:24:45.680,1106,382034
2017-01-20 23:25:05.960,1106,382046
2017-01-20 23:25:26.240,1106,382057
2017-01-20 23:25:46.523,1106,382068
2017-01-20 23:26:06.803,1106,382079
2017-01-20 23:26:27.083,1106,382090
2017-01-20 23:26:47.367,1106,382101
2017-01-20 23:27:07.647,1106,382113
2017-01-20 23:27:27.927,1106,382124
2017-01-20 23:27:48.207,1106,382135
2017-01-20 23:28:08.487,1106,382146
2017-01-20 23:28:28.770,1106,382157
2017-01-20 23:28:49.050,1106,382168
2017-01-20 23:29:09.347,1106,382180
2017-01-20 23:29:29.627,1106,382191
2017-01-20 23:29:49.903,1106,382202
2017-01-20 23:30:10.183,1106,382213
2017-01-20 23:30:30.463,1106,382224
2017-01-20 23:30:50.743,1106,382235
2017-01-20 23:31:11.037,1106,382247
2017-01-20 23:31:31.313,1106,382258
2017-01-20 23:31:51.593,1106,382269
2017-01-20 23:32:11.873,1106,382280
2017-01-20 23:32:32.197,1106,382291
2017-01-20 23:32:52.477,1106,382302
2017-01-20 23:33:12.757,1106,382314
2017-01-20 23:33:33.037,1106,382325
2017-01-20 23:33:53.313,1106,382336
2017-01-20 23:34:13.593,1106,382347
2017-01-20 23:34:33.873,1106,382358
2017-01-20 23:34:54.153,1106,382369
2017-01-20 23:35:14.433,1106,382381
2017-01-20 23:35:34.710,1106,382392
2017-01-20 23:35:54.987,1106,382403
2017-01-20 23:36:15.267,1106,382414
2017-01-20 23:36:35.547,1106,382425
2017-01-20 23:36:55.827,1106,382436
2017-01-20 23:37:16.107,1106,382448
2017-01-20 23:37:36.383,1106,382459
2017-01-20 23:37:56.667,1106,382470
2017-01-20 23:38:16.940,1106,382481
2017-01-20 23:38:37.220,1106,382492
2017-01-20 23:38:57.497,1106,382503
2017-01-20 23:39:17.780,1106,382515
2017-01-20 23:39:38.057,1106,382526
2017-01-20 23:39:58.337,1106,382537
2017-01-20 23:40:18.613,1106,382548
2017-01-20 23:40:38.893,1106,382559
2017-01-20 23:40:59.173,1106,382570
2017-01-20 23:41:19.450,1106,382582
2017-01-20 23:41:39.730,1106,382593
2017-01-20 23:42:00.010,1106,382604
2017-01-20 23:42:20.290,1106,382615
2017-01-20 23:42:40.583,1106,382626
2017-01-20 23:43:00.863,1106,382637
2017-01-20 23:43:21.173,1106,382649
2017-01-20 23:43:41.467,1106,382660
2017-01-20 23:44:01.747,1106,382671
2017-01-20 23:44:22.023,1106,382682
2017-01-20 23:44:42.303,1106,382693
2017-01-20 23:45:02.597,1106,382704
2017-01-20 23:45:22.877,1106,382716
2017-01-20 23:45:43.157,1106,382727
2017-01-20 23:46:03.437,1106,382738
2017-01-20 23:46:23.713,1106,382749
2017-01-20 23:46:43.993,1106,382760
2017-01-20 23:47:04.273,1106,382771
2017-01-20 23:47:24.553,1106,382783
2017-01-20 23:47:44.830,1106,382794
2017-01-20 23:48:05.113,1106,382805
2017-01-20 23:48:25.393,1106,382816
2017-01-20 23:48:45.673,1106,382827
2017-01-20 23:49:05.953,1106,382838
2017-01-20 23:49:26.233,1106,382850
2017-01-20 23:49:46.517,1106,382861
2017-01-20 23:50:06.797,1106,382872
2017-01-20 23:50:27.077,1106,382883
2017-01-20 23:50:47.357,1106,382894
2017-01-20 23:51:07.640,1106,382905
2017-01-20 23:51:27.920,1106,382917
2017-01-20 23:51:48.200,1106,382928
2017-01-20 23:52:08.480,1106,382939
2017-01-20 23:52:28.763,1106,382950
2017-01-20 23:52:49.043,1106,382961
2017-01-20 23:53:09.327,1106,382972
2017-01-20 23:53:29.607,1106,382984
2017-01-20 23:53:49.887,1106,382995
2017-01-20 23:54:10.167,1106,383006
2017-01-20 23:54:30.447,1106,383017
2017-01-20 23:54:50.730,1106,383028
2017-01-20 23:55:11.013,1106,383039
2017-01-20 23:55:31.293,1106,383051
2017-01-20 23:55:51.577,1106,383062
2017-01-20 23:56:11.853,1106,383073
2017-01-20 23:56:32.137,1106,383084
2017-01-20 23:56:52.417,1106,383095
2017-01-20 23:57:12.697,1106,383106
2017-01-20 23:57:32.977,1106,383118
2017-01-20 23:57:53.260,1106,383129
2017-01-20 23:58:13.540,1106,383140
2017-01-20 23:58:33.823,1106,383151
2017-01-20 23:58:54.103,1106,383162
2017-01-20 23:59:14.383,1106,383173
2017-01-20 23:59:34.663,1106,383185
2017-01-20 23:59:54.947,1106,383196
2017-01-21 00:00:15.240,1106,383207
2017-01-21 00:00:35.523,1106,383218
2017-01-21 00:00:55.803,1106,383229
2017-01-21 00:01:16.087,1106,383240
2017-01-21 00:01:36.367,1106,383252
2017-01-21 00:01:56.647,1106,383263
2017-01-21 00:02:16.927,1106,383274
2017-01-21 00:02:37.207,1106,383285
2017-01-21 00:02:57.490,1106,383296
2017-01-21 00:03:17.770,1106,383307
2017-01-21 00:03:38.050,1106,383319
2017-01-21 00:03:58.333,1106,383330
2017-01-21 00:04:18.613,1106,383341
2017-01-20 22:44:52.667,1168,380718
2017-01-20 22:45:12.937,1168,380729
2017-01-20 22:45:33.213,1168,380740
2017-01-20 22:45:53.487,1168,380751
2017-01-20 22:46:13.763,1168,380762
2017-01-20 22:46:34.043,1168,380774
2017-01-20 22:46:54.313,1168,380785
2017-01-20 22:47:14.587,1168,380796
2017-01-20 22:47:34.867,1168,380807
2017-01-20 22:47:55.137,1168,380818
2017-01-20 22:48:15.413,1168,380829
2017-01-20 22:48:35.687,1168,380841
2017-01-20 22:48:55.960,1168,380852
2017-01-20 22:49:16.237,1168,380863
2017-01-20 22:49:36.510,1168,380874
2017-01-20 22:49:56.787,1168,380885
2017-01-20 22:50:17.067,1168,380896
2017-01-20 22:50:37.343,1168,380908
2017-01-20 22:50:57.623,1168,380919
2017-01-20 22:51:17.903,1168,380930
2017-01-20 22:51:38.180,1168,380941
2017-01-20 22:51:58.460,1168,380952
2017-01-20 22:52:18.740,1168,380963
2017-01-20 22:52:39.020,1168,380975
2017-01-20 22:52:59.297,1168,380986
2017-01-20 22:53:19.577,1168,380997
2017-01-20 22:53:39.857,1168,381008
2017-01-20 22:54:00.133,1168,381019
2017-01-20 22:54:20.413,1168,381030
2017-01-20 22:54:40.693,1168,381042
2017-01-20 22:55:00.970,1168,381053
2017-01-20 22:55:21.250,1168,381064
2017-01-20 22:55:41.530,1168,381075
2017-01-20 22:56:01.807,1168,381086
2017-01-20 22:56:22.087,1168,381097
2017-01-20 22:56:42.367,1168,381109
2017-01-20 22:57:02.647,1168,381120
2017-01-20 22:57:22.927,1168,381131
2017-01-20 22:57:43.203,1168,381142
2017-01-20 22:58:03.483,1168,381153
2017-01-20 22:58:23.763,1168,381164
2017-01-20 22:58:44.040,1168,381176
2017-01-20 22:59:04.317,1168,381187
2017-01-20 22:59:24.597,1168,381198
2017-01-20 22:59:44.877,1168,381209
2017-01-20 23:00:05.157,1168,381220
2017-01-20 23:00:25.450,1168,381231
2017-01-20 23:00:45.730,1168,381243
2017-01-20 23:01:06.010,1168,381254
2017-01-20 23:01:26.287,1168,381265
2017-01-20 23:01:46.567,1168,381276
2017-01-20 23:02:06.847,1168,381287
2017-01-20 23:02:27.123,1168,381298
2017-01-20 23:02:47.403,1168,381310
2017-01-20 23:03:07.683,1168,381321
2017-01-20 23:03:27.960,1168,381332
2017-01-20 23:03:48.247,1168,381343
2017-01-20 23:04:08.520,1168,381354
2017-01-20 23:04:28.797,1168,381365
2017-01-20 23:04:49.080,1168,381377
2017-01-20 23:05:09.357,1168,381388
2017-01-20 23:05:29.637,1168,381399
2017-01-20 23:05:49.913,1168,381410
2017-01-20 23:06:10.197,1168,381421
2017-01-20 23:06:30.470,1168,381432
2017-01-20 23:06:50.750,1168,381444
2017-01-20 23:07:11.033,1168,381455
2017-01-20 23:07:31.307,1168,381466
2017-01-20 23:07:51.587,1168,381477
2017-01-20 23:08:11.867,1168,381488
2017-01-20 23:08:32.147,1168,381499
2017-01-20 23:08:52.427,1168,381511
2017-01-20 23:09:12.703,1168,381522
2017-01-20 23:09:32.987,1168,381533
2017-01-20 23:09:53.260,1168,381544
2017-01-20 23:10:13.540,1168,381555
2017-01-20 23:10:33.837,1168,381566
2017-01-20 23:10:54.113,1168,381578
2017-01-20 23:11:14.393,1168,381589
2017-01-20 23:11:34.673,1168,381600
2017-01-20 23:11:54.950,1168,381611
2017-01-20 23:12:15.233,1168,381622
2017-01-20 23:12:35.510,1168,381633
2017-01-20 23:12:55.787,1168,381645
2017-01-20 23:13:16.067,1168,381656
2017-01-20 23:13:36.363,1168,381667
2017-01-20 23:13:56.640,1168,381678
2017-01-20 23:14:16.923,1168,381689
2017-01-20 23:14:37.203,1168,381700
2017-01-20 23:14:57.483,1168,381712
2017-01-20 23:15:17.763,1168,381723
2017-01-20 23:15:38.047,1168,381734
2017-01-20 23:15:58.327,1168,381745
2017-01-20 23:16:18.607,1168,381756
2017-01-20 23:16:38.890,1168,381767
2017-01-20 23:16:59.170,1168,381779
2017-01-20 23:17:19.450,1168,381790
2017-01-20 23:17:39.733,1168,381801
2017-01-20 23:18:00.013,1168,381812
2017-01-20 23:18:20.293,1168,381823
2017-01-20 23:18:40.573,1168,381834
2017-01-20 23:19:00.853,1168,381846
2017-01-20 23:19:21.150,1168,381857
2017-01-20 23:19:41.433,1168,381868
2017-01-20 23:20:01.713,1168,381879
2017-01-20 23:20:21.993,1168,381890
2017-01-20 23:20:42.277,1168,381901
2017-01-20 23:21:02.557,1168,381913
2017-01-20 23:21:22.837,1168,381924
2017-01-20 23:21:43.133,1168,381935
2017-01-20 23:22:03.413,1168,381946
2017-01-20 23:22:23.697,1168,381957
2017-01-20 23:22:43.977,1168,381968
2017-01-20 23:23:04.260,1168,381980
2017-01-20 23:23:24.537,1168,381991
2017-01-20 23:23:44.820,1168,382002
2017-01-20 23:24:05.117,1168,382013
2017-01-20 23:24:25.397,1168,382024
2017-01-20 23:24:45.680,1168,382035
2017-01-20 23:25:05.960,1168,382047
2017-01-20 23:25:26.240,1168,382058
2017-01-20 23:25:46.523,1168,382069
2017-01-20 23:26:06.803,1168,382080
2017-01-20 23:26:27.083,1168,382091
2017-01-20 23:26:47.367,1168,382102
2017-01-20 23:27:07.647,1168,382114
2017-01-20 23:27:27.927,1168,382125
2017-01-20 23:27:48.207,1168,382136
2017-01-20 23:28:08.487,1168,382147
2017-01-20 23:28:28.770,1168,382158
2017-01-20 23:28:49.050,1168,382169
2017-01-20 23:29:09.347,1168,382181
2017-01-20 23:29:29.627,1168,382192
2017-01-20 23:29:49.903,1168,382203
2017-01-20 23:30:10.183,1168,382214
2017-01-20 23:30:30.463,1168,382225
2017-01-20 23:30:50.743,1168,382236
2017-01-20 23:31:11.037,1168,382248
2017-01-20 23:31:31.313,1168,382259
2017-01-20 23:31:51.593,1168,382270
2017-01-20 23:32:11.873,1168,382281
2017-01-20 23:32:32.197,1168,382292
2017-01-20 23:32:52.477,1168,382303
2017-01-20 23:33:12.757,1168,382315
2017-01-20 23:33:33.037,1168,382326
2017-01-20 23:33:53.313,1168,382337
2017-01-20 23:34:13.593,1168,382348
2017-01-20 23:34:33.873,1168,382359
2017-01-20 23:34:54.153,1168,382370
2017-01-20 23:35:14.433,1168,382382
2017-01-20 23:35:34.710,1168,382393
2017-01-20 23:35:54.987,1168,382404
2017-01-20 23:36:15.267,1168,382415
2017-01-20 23:36:35.547,1168,382426
2017-01-20 23:36:55.827,1168,382437
2017-01-20 23:37:16.107,1168,382449
2017-01-20 23:37:36.383,1168,382460
2017-01-20 23:37:56.667,1168,382471
2017-01-20 23:38:16.940,1168,382482
2017-01-20 23:38:37.220,1168,382493
2017-01-20 23:38:57.497,1168,382504
2017-01-20 23:39:17.780,1168,382516
2017-01-20 23:39:38.057,1168,382527
2017-01-20 23:39:58.337,1168,382538
2017-01-20 23:40:18.613,1168,382549
2017-01-20 23:40:38.893,1168,382560
2017-01-20 23:40:59.173,1168,382571
2017-01-20 23:41:19.450,1168,382583
2017-01-20 23:41:39.730,1168,382594
2017-01-20 23:42:00.010,1168,382605
2017-01-20 23:42:20.290,1168,382616
2017-01-20 23:42:40.583,1168,382627
2017-01-20 23:43:00.863,1168,382638
2017-01-20 23:43:21.173,1168,382650
2017-01-20 23:43:41.467,1168,382661
2017-01-20 23:44:01.747,1168,382672
2017-01-20 23:44:22.023,1168,382683
2017-01-20 23:44:42.303,1168,382694
2017-01-20 23:45:02.597,1168,382705
2017-01-20 23:45:22.877,1168,382717
2017-01-20 23:45:43.157,1168,382728
2017-01-20 23:46:03.437,1168,382739
2017-01-20 23:46:23.713,1168,382750
2017-01-20 23:46:43.993,1168,382761
2017-01-20 23:47:04.273,1168,382772
2017-01-20 23:47:24.553,1168,382784
2017-01-20 23:47:44.830,1168,382795
2017-01-20 23:48:05.113,1168,382806
2017-01-20 23:48:25.393,1168,382817
2017-01-20 23:48:45.673,1168,382828
2017-01-20 23:49:05.953,1168,382839
2017-01-20 23:49:26.233,1168,382851
2017-01-20 23:49:46.517,1168,382862
2017-01-20 23:50:06.797,1168,382873
2017-01-20 23:50:27.077,1168,382884
2017-01-20 23:50:47.357,1168,382895
2017-01-20 23:51:07.640,1168,382906
2017-01-20 23:51:27.920,1168,382918
2017-01-20 23:51:48.200,1168,382929
2017-01-20 23:52:08.480,1168,382940
2017-01-20 23:52:28.763,1168,382951
2017-01-20 23:52:49.043,1168,382962
2017-01-20 23:53:09.327,1168,382973
2017-01-20 23:53:29.607,1168,382985
2017-01-20 23:53:49.887,1168,382996
2017-01-20 23:54:10.167,1168,383007
2017-01-20 23:54:30.447,1168,383018
2017-01-20 23:54:50.730,1168,383029
2017-01-20 23:55:11.013,1168,383040
2017-01-20 23:55:31.293,1168,383052
2017-01-20 23:55:51.577,1168,383063
2017-01-20 23:56:11.853,1168,383074
2017-01-20 23:56:32.137,1168,383085
2017-01-20 23:56:52.417,1168,383096
2017-01-20 23:57:12.697,1168,383107
2017-01-20 23:57:32.977,1168,383119
2017-01-20 23:57:53.260,1168,383130
2017-01-20 23:58:13.540,1168,383141
2017-01-20 23:58:33.823,1168,383152
2017-01-20 23:58:54.103,1168,383163
2017-01-20 23:59:14.383,1168,383174
2017-01-20 23:59:34.663,1168,383186
2017-01-20 23:59:54.947,1168,383197
2017-01-21 00:00:15.240,1168,383208
2017-01-21 00:00:35.523,1168,383219
2017-01-21 00:00:55.803,1168,383230
2017-01-21 00:01:16.087,1168,383241
2017-01-21 00:01:36.367,1168,383253
2017-01-21 00:01:56.647,1168,383264
2017-01-21 00:02:16.927,1168,383275
2017-01-21 00:02:37.207,1168,383286
2017-01-21 00:02:57.490,1168,383297
2017-01-21 00:03:17.770,1168,383308
2017-01-21 00:03:38.050,1168,383320
2017-01-21 00:03:58.333,1168,383331
2017-01-21 00:04:18.613,1168,383342
2017-01-20 22:44:52.667,1334,380719
2017-01-20 22:45:12.937,1334,380730
2017-01-20 22:45:33.213,1334,380741
2017-01-20 22:45:53.487,1334,380752
2017-01-20 22:46:13.763,1334,380763
2017-01-20 22:46:34.043,1334,380775
2017-01-20 22:46:54.313,1334,380786
2017-01-20 22:47:14.587,1334,380797
2017-01-20 22:47:34.867,1334,380808
2017-01-20 22:47:55.137,1334,380819
2017-01-20 22:48:15.413,1334,380830
2017-01-20 22:48:35.687,1334,380842
2017-01-20 22:48:55.960,1334,380853
2017-01-20 22:49:16.237,1334,380864
2017-01-20 22:49:36.510,1334,380875
2017-01-20 22:49:56.787,1334,380886
2017-01-20 22:50:17.067,1334,380897
2017-01-20 22:50:37.343,1334,380909
2017-01-20 22:50:57.623,1334,380920
2017-01-20 22:51:17.903,1334,380931
2017-01-20 22:51:38.180,1334,380942
2017-01-20 22:51:58.460,1334,380953
2017-01-20 22:52:18.740,1334,380964
2017-01-20 22:52:39.020,1334,380976
2017-01-20 22:52:59.297,1334,380987
2017-01-20 22:53:19.577,1334,380998
2017-01-20 22:53:39.857,1334,381009
2017-01-20 22:54:00.133,1334,381020
2017-01-20 22:54:20.413,1334,381031
2017-01-20 22:54:40.693,1334,381043
2017-01-20 22:55:00.970,1334,381054
2017-01-20 22:55:21.250,1334,381065
2017-01-20 22:55:41.530,1334,381076
2017-01-20 22:56:01.807,1334,381087
2017-01-20 22:56:22.087,1334,381098
2017-01-20 22:56:42.367,1334,381110
2017-01-20 22:57:02.647,1334,381121
2017-01-20 22:57:22.927,1334,381132
2017-01-20 22:57:43.203,1334,381143
2017-01-20 22:58:03.483,1334,381154
2017-01-20 22:58:23.763,1334,381165
2017-01-20 22:58:44.040,1334,381177
2017-01-20 22:59:04.317,1334,381188
2017-01-20 22:59:24.597,1334,381199
2017-01-20 22:59:44.877,1334,381210
2017-01-20 23:00:05.157,1334,381221
2017-01-20 23:00:25.450,1334,381232
2017-01-20 23:00:45.730,1334,381244
2017-01-20 23:01:06.010,1334,381255
2017-01-20 23:01:26.287,1334,381266
2017-01-20 23:01:46.567,1334,381277
2017-01-20 23:02:06.847,1334,381288
2017-01-20 23:02:27.123,1334,381299
2017-01-20 23:02:47.403,1334,381311
2017-01-20 23:03:07.683,1334,381322
2017-01-20 23:03:27.960,1334,381333
2017-01-20 23:03:48.247,1334,381344
2017-01-20 23:04:08.520,1334,381355
2017-01-20 23:04:28.797,1334,381366
2017-01-20 23:04:49.080,1334,381378
2017-01-20 23:05:09.357,1334,381389
2017-01-20 23:05:29.637,1334,381400
2017-01-20 23:05:49.913,1334,381411
2017-01-20 23:06:10.197,1334,381422
2017-01-20 23:06:30.470,1334,381433
2017-01-20 23:06:50.750,1334,381445
2017-01-20 23:07:11.033,1334,381456
2017-01-20 23:07:31.307,1334,381467
2017-01-20 23:07:51.587,1334,381478
2017-01-20 23:08:11.867,1334,381489
2017-01-20 23:08:32.147,1334,381500
2017-01-20 23:08:52.427,1334,381512
2017-01-20 23:09:12.703,1334,381523
2017-01-20 23:09:32.987,1334,381534
2017-01-20 23:09:53.260,1334,381545
2017-01-20 23:10:13.540,1334,381556
2017-01-20 23:10:33.837,1334,381567
2017-01-20 23:10:54.113,1334,381579
2017-01-20 23:11:14.393,1334,381590
2017-01-20 23:11:34.673,1334,381601
2017-01-20 23:11:54.950,1334,381612
2017-01-20 23:12:15.233,1334,381623
2017-01-20 23:12:35.510,1334,381634
2017-01-20 23:12:55.787,1334,381646
2017-01-20 23:13:16.067,1334,381657
2017-01-20 23:13:36.363,1334,381668
2017-01-20 23:13:56.640,1334,381679
2017-01-20 23:14:16.923,1334,381690
2017-01-20 23:14:37.203,1334,381701
2017-01-20 23:14:57.483,1334,381713
2017-01-20 23:15:17.763,1334,381724
2017-01-20 23:15:38.047,1334,381735
2017-01-20 23:15:58.327,1334,381746
2017-01-20 23:16:18.607,1334,381757
2017-01-20 23:16:38.890,1334,381768
2017-01-20 23:16:59.170,1334,381780
2017-01-20 23:17:19.450,1334,381791
2017-01-20 23:17:39.733,1334,381802
2017-01-20 23:18:00.013,1334,381813
2017-01-20 23:18:20.293,1334,381824
2017-01-20 23:18:40.573,1334,381835
2017-01-20 23:19:00.853,1334,381847
2017-01-20 23:19:21.150,1334,381858
2017-01-20 23:19:41.433,1334,381869
2017-01-20 23:20:01.713,1334,381880
2017-01-20 23:20:21.993,1334,381891
2017-01-20 23:20:42.277,1334,381902
2017-01-20 23:21:02.557,1334,381914
2017-01-20 23:21:22.837,1334,381925
2017-01-20 23:21:43.133,1334,381936
2017-01-20 23:22:03.413,1334,381947
2017-01-20 23:22:23.697,1334,381958
2017-01-20 23:22:43.977,1334,381969
2017-01-20 23:23:04.260,1334,381981
2017-01-20 23:23:24.537,1334,381992
2017-01-20 23:23:44.820,1334,382003
2017-01-20 23:24:05.117,1334,382014
2017-01-20 23:24:25.397,1334,382025
2017-01-20 23:24:45.680,1334,382036
2017-01-20 23:25:05.960,1334,382048
2017-01-20 23:25:26.240,1334,382059
2017-01-20 23:25:46.523,1334,382070
2017-01-20 23:26:06.803,1334,382081
2017-01-20 23:26:27.083,1334,382092
2017-01-20 23:26:47.367,1334,382103
2017-01-20 23:27:07.647,1334,382115
2017-01-20 23:27:27.927,1334,382126
2017-01-20 23:27:48.207,1334,382137
2017-01-20 23:28:08.487,1334,382148
2017-01-20 23:28:28.770,1334,382159
2017-01-20 23:28:49.050,1334,382170
2017-01-20 23:29:09.347,1334,382182
2017-01-20 23:29:29.627,1334,382193
2017-01-20 23:29:49.903,1334,382204
2017-01-20 23:30:10.183,1334,382215
2017-01-20 23:30:30.463,1334,382226
2017-01-20 23:30:50.743,1334,382237
2017-01-20 23:31:11.037,1334,382249
2017-01-20 23:31:31.313,1334,382260
2017-01-20 23:31:51.593,1334,382271
2017-01-20 23:32:11.873,1334,382282
2017-01-20 23:32:32.197,1334,382293
2017-01-20 23:32:52.477,1334,382304
2017-01-20 23:33:12.757,1334,382316
2017-01-20 23:33:33.037,1334,382327
2017-01-20 23:33:53.313,1334,382338
2017-01-20 23:34:13.593,1334,382349
2017-01-20 23:34:33.873,1334,382360
2017-01-20 23:34:54.153,1334,382371
2017-01-20 23:35:14.433,1334,382383
2017-01-20 23:35:34.710,1334,382394
2017-01-20 23:35:54.987,1334,382405
2017-01-20 23:36:15.267,1334,382416
2017-01-20 23:36:35.547,1334,382427
2017-01-20 23:36:55.827,1334,382438
2017-01-20 23:37:16.107,1334,382450
2017-01-20 23:37:36.383,1334,382461
2017-01-20 23:37:56.667,1334,382472
2017-01-20 23:38:16.940,1334,382483
2017-01-20 23:38:37.220,1334,382494
2017-01-20 23:38:57.497,1334,382505
2017-01-20 23:39:17.780,1334,382517
2017-01-20 23:39:38.057,1334,382528
2017-01-20 23:39:58.337,1334,382539
2017-01-20 23:40:18.613,1334,382550
2017-01-20 23:40:38.893,1334,382561
2017-01-20 23:40:59.173,1334,382572
2017-01-20 23:41:19.450,1334,382584
2017-01-20 23:41:39.730,1334,382595
2017-01-20 23:42:00.010,1334,382606
2017-01-20 23:42:20.290,1334,382617
2017-01-20 23:42:40.583,1334,382628
2017-01-20 23:43:00.863,1334,382639
2017-01-20 23:43:21.173,1334,382651
2017-01-20 23:43:41.467,1334,382662
2017-01-20 23:44:01.747,1334,382673
2017-01-20 23:44:22.023,1334,382684
2017-01-20 23:44:42.303,1334,382695
2017-01-20 23:45:02.597,1334,382706
2017-01-20 23:45:22.877,1334,382718
2017-01-20 23:45:43.157,1334,382729
2017-01-20 23:46:03.437,1334,382740
2017-01-20 23:46:23.713,1334,382751
2017-01-20 23:46:43.993,1334,382762
2017-01-20 23:47:04.273,1334,382773
2017-01-20 23:47:24.553,1334,382785
2017-01-20 23:47:44.830,1334,382796
2017-01-20 23:48:05.113,1334,382807
2017-01-20 23:48:25.393,1334,382818
2017-01-20 23:48:45.673,1334,382829
2017-01-20 23:49:05.953,1334,382840
2017-01-20 23:49:26.233,1334,382852
2017-01-20 23:49:46.517,1334,382863
2017-01-20 23:50:06.797,1334,382874
2017-01-20 23:50:27.077,1334,382885
2017-01-20 23:50:47.357,1334,382896
2017-01-20 23:51:07.640,1334,382907
2017-01-20 23:51:27.920,1334,382919
2017-01-20 23:51:48.200,1334,382930
2017-01-20 23:52:08.480,1334,382941
2017-01-20 23:52:28.763,1334,382952
2017-01-20 23:52:49.043,1334,382963
2017-01-20 23:53:09.327,1334,382974
2017-01-20 23:53:29.607,1334,382986
2017-01-20 23:53:49.887,1334,382997
2017-01-20 23:54:10.167,1334,383008
2017-01-20 23:54:30.447,1334,383019
2017-01-20 23:54:50.730,1334,383030
2017-01-20 23:55:11.013,1334,383041
2017-01-20 23:55:31.293,1334,383053
2017-01-20 23:55:51.577,1334,383064
2017-01-20 23:56:11.853,1334,383075
2017-01-20 23:56:32.137,1334,383086
2017-01-20 23:56:52.417,1334,383097
2017-01-20 23:57:12.697,1334,383108
2017-01-20 23:57:32.977,1334,383120
2017-01-20 23:57:53.260,1334,383131
2017-01-20 23:58:13.540,1334,383142
2017-01-20 23:58:33.823,1334,383153
2017-01-20 23:58:54.103,1334,383164
2017-01-20 23:59:14.383,1334,383175
2017-01-20 23:59:34.663,1334,383187
2017-01-20 23:59:54.947,1334,383198
2017-01-21 00:00:15.240,1334,383209
2017-01-21 00:00:35.523,1334,383220
2017-01-21 00:00:55.803,1334,383231
2017-01-21 00:01:16.087,1334,383242
2017-01-21 00:01:36.367,1334,383254
2017-01-21 00:01:56.647,1334,383265
2017-01-21 00:02:16.927,1334,383276
2017-01-21 00:02:37.207,1334,383287
2017-01-21 00:02:57.490,1334,383298
2017-01-21 00:03:17.770,1334,383309
2017-01-21 00:03:38.050,1334,383321
2017-01-21 00:03:58.333,1334,383332
2017-01-21 00:04:18.613,1334,383343
2017-01-20 22:44:52.667,1447,380720
2017-01-20 22:45:12.937,1447,380731
2017-01-20 22:45:33.213,1447,380742
2017-01-20 22:45:53.487,1447,380753
2017-01-20 22:46:13.763,1447,380764
2017-01-20 22:46:34.043,1447,380776
2017-01-20 22:46:54.313,1447,380787
2017-01-20 22:47:14.587,1447,380798
2017-01-20 22:47:34.867,1447,380809
2017-01-20 22:47:55.137,1447,380820
2017-01-20 22:48:15.413,1447,380831
2017-01-20 22:48:35.687,1447,380843
2017-01-20 22:48:55.960,1447,380854
2017-01-20 22:49:16.237,1447,380865
2017-01-20 22:49:36.510,1447,380876
2017-01-20 22:49:56.787,1447,380887
2017-01-20 22:50:17.067,1447,380898
2017-01-20 22:50:37.343,1447,380910
2017-01-20 22:50:57.623,1447,380921
2017-01-20 22:51:17.903,1447,380932
2017-01-20 22:51:38.180,1447,380943
2017-01-20 22:51:58.460,1447,380954
2017-01-20 22:52:18.740,1447,380965
2017-01-20 22:52:39.020,1447,380977
2017-01-20 22:52:59.297,1447,380988
2017-01-20 22:53:19.577,1447,380999
2017-01-20 22:53:39.857,1447,381010
2017-01-20 22:54:00.133,1447,381021
2017-01-20 22:54:20.413,1447,381032
2017-01-20 22:54:40.693,1447,381044
2017-01-20 22:55:00.970,1447,381055
2017-01-20 22:55:21.250,1447,381066
2017-01-20 22:55:41.530,1447,381077
2017-01-20 22:56:01.807,1447,381088
2017-01-20 22:56:22.087,1447,381099
2017-01-20 22:56:42.367,1447,381111
2017-01-20 22:57:02.647,1447,381122
2017-01-20 22:57:22.927,1447,381133
2017-01-20 22:57:43.203,1447,381144
2017-01-20 22:58:03.483,1447,381155
2017-01-20 22:58:23.763,1447,381166
2017-01-20 22:58:44.040,1447,381178
2017-01-20 22:59:04.317,1447,381189
2017-01-20 22:59:24.597,1447,381200
2017-01-20 22:59:44.877,1447,381211
2017-01-20 23:00:05.157,1447,381222
2017-01-20 23:00:25.450,1447,381233
2017-01-20 23:00:45.730,1447,381245
2017-01-20 23:01:06.010,1447,381256
2017-01-20 23:01:26.287,1447,381267
2017-01-20 23:01:46.567,1447,381278
2017-01-20 23:02:06.847,1447,381289
2017-01-20 23:02:27.123,1447,381300
2017-01-20 23:02:47.403,1447,381312
2017-01-20 23:03:07.683,1447,381323
2017-01-20 23:03:27.960,1447,381334
2017-01-20 23:03:48.247,1447,381345
2017-01-20 23:04:08.520,1447,381356
2017-01-20 23:04:28.797,1447,381367
2017-01-20 23:04:49.080,1447,381379
2017-01-20 23:05:09.357,1447,381390
2017-01-20 23:05:29.637,1447,381401
2017-01-20 23:05:49.913,1447,381412
2017-01-20 23:06:10.197,1447,381423
2017-01-20 23:06:30.470,1447,381434
2017-01-20 23:06:50.750,1447,381446
2017-01-20 23:07:11.033,1447,381457
2017-01-20 23:07:31.307,1447,381468
2017-01-20 23:07:51.587,1447,381479
2017-01-20 23:08:11.867,1447,381490
2017-01-20 23:08:32.147,1447,381501
2017-01-20 23:08:52.427,1447,381513
2017-01-20 23:09:12.703,1447,381524
2017-01-20 23:09:32.987,1447,381535
2017-01-20 23:09:53.260,1447,381546
2017-01-20 23:10:13.540,1447,381557
2017-01-20 23:10:33.837,1447,381568
2017-01-20 23:10:54.113,1447,381580
2017-01-20 23:11:14.393,1447,381591
2017-01-20 23:11:34.673,1447,381602
2017-01-20 23:11:54.950,1447,381613
2017-01-20 23:12:15.233,1447,381624
2017-01-20 23:12:35.510,1447,381635
2017-01-20 23:12:55.787,1447,381647
2017-01-20 23:13:16.067,1447,381658
2017-01-20 23:13:36.363,1447,381669
2017-01-20 23:13:56.640,1447,381680
2017-01-20 23:14:16.923,1447,381691
2017-01-20 23:14:37.203,1447,381702
2017-01-20 23:14:57.483,1447,381714
2017-01-20 23:15:17.763,1447,381725
2017-01-20 23:15:38.047,1447,381736
2017-01-20 23:15:58.327,1447,381747
2017-01-20 23:16:18.607,1447,381758
2017-01-20 23:16:38.890,1447,381769
2017-01-20 23:16:59.170,1447,381781
2017-01-20 23:17:19.450,1447,381792
2017-01-20 23:17:39.733,1447,381803
2017-01-20 23:18:00.013,1447,381814
2017-01-20 23:18:20.293,1447,381825
2017-01-20 23:18:40.573,1447,381836
2017-01-20 23:19:00.853,1447,381848
2017-01-20 23:19:21.150,1447,381859
2017-01-20 23:19:41.433,1447,381870
2017-01-20 23:20:01.713,1447,381881
2017-01-20 23:20:21.993,1447,381892
2017-01-20 23:20:42.277,1447,381903
2017-01-20 23:21:02.557,1447,381915
2017-01-20 23:21:22.837,1447,381926
2017-01-20 23:21:43.133,1447,381937
2017-01-20 23:22:03.413,1447,381948
2017-01-20 23:22:23.697,1447,381959
2017-01-20 23:22:43.977,1447,381970
2017-01-20 23:23:04.260,1447,381982
2017-01-20 23:23:24.537,1447,381993
2017-01-20 23:23:44.820,1447,382004
2017-01-20 23:24:05.117,1447,382015
2017-01-20 23:24:25.397,1447,382026
2017-01-20 23:24:45.680,1447,382037
2017-01-20 23:25:05.960,1447,382049
2017-01-20 23:25:26.240,1447,382060
2017-01-20 23:25:46.523,1447,382071
2017-01-20 23:26:06.803,1447,382082
2017-01-20 23:26:27.083,1447,382093
2017-01-20 23:26:47.367,1447,382104
2017-01-20 23:27:07.647,1447,382116
2017-01-20 23:27:27.927,1447,382127
2017-01-20 23:27:48.207,1447,382138
2017-01-20 23:28:08.487,1447,382149
2017-01-20 23:28:28.770,1447,382160
2017-01-20 23:28:49.050,1447,382171
2017-01-20 23:29:09.347,1447,382183
2017-01-20 23:29:29.627,1447,382194
2017-01-20 23:29:49.903,1447,382205
2017-01-20 23:30:10.183,1447,382216
2017-01-20 23:30:30.463,1447,382227
2017-01-20 23:30:50.743,1447,382238
2017-01-20 23:31:11.037,1447,382250
2017-01-20 23:31:31.313,1447,382261
2017-01-20 23:31:51.593,1447,382272
2017-01-20 23:32:11.873,1447,382283
2017-01-20 23:32:32.197,1447,382294
2017-01-20 23:32:52.477,1447,382305
2017-01-20 23:33:12.757,1447,382317
2017-01-20 23:33:33.037,1447,382328
2017-01-20 23:33:53.313,1447,382339
2017-01-20 23:34:13.593,1447,382350
2017-01-20 23:34:33.873,1447,382361
2017-01-20 23:34:54.153,1447,382372
2017-01-20 23:35:14.433,1447,382384
2017-01-20 23:35:34.710,1447,382395
2017-01-20 23:35:54.987,1447,382406
2017-01-20 23:36:15.267,1447,382417
2017-01-20 23:36:35.547,1447,382428
2017-01-20 23:36:55.827,1447,382439
2017-01-20 23:37:16.107,1447,382451
2017-01-20 23:37:36.383,1447,382462
2017-01-20 23:37:56.667,1447,382473
2017-01-20 23:38:16.940,1447,382484
2017-01-20 23:38:37.220,1447,382495
2017-01-20 23:38:57.497,1447,382506
2017-01-20 23:39:17.780,1447,382518
2017-01-20 23:39:38.057,1447,382529
2017-01-20 23:39:58.337,1447,382540
2017-01-20 23:40:18.613,1447,382551
2017-01-20 23:40:38.893,1447,382562
2017-01-20 23:40:59.173,1447,382573
2017-01-20 23:41:19.450,1447,382585
2017-01-20 23:41:39.730,1447,382596
2017-01-20 23:42:00.010,1447,382607
2017-01-20 23:42:20.290,1447,382618
2017-01-20 23:42:40.583,1447,382629
2017-01-20 23:43:00.863,1447,382640
2017-01-20 23:43:21.173,1447,382652
2017-01-20 23:43:41.467,1447,382663
2017-01-20 23:44:01.747,1447,382674
2017-01-20 23:44:22.023,1447,382685
2017-01-20 23:44:42.303,1447,382696
2017-01-20 23:45:02.597,1447,382707
2017-01-20 23:45:22.877,1447,382719
2017-01-20 23:45:43.157,1447,382730
2017-01-20 23:46:03.437,1447,382741
2017-01-20 23:46:23.713,1447,382752
2017-01-20 23:46:43.993,1447,382763
2017-01-20 23:47:04.273,1447,382774
2017-01-20 23:47:24.553,1447,382786
2017-01-20 23:47:44.830,1447,382797
2017-01-20 23:48:05.113,1447,382808
2017-01-20 23:48:25.393,1447,382819
2017-01-20 23:48:45.673,1447,382830
2017-01-20 23:49:05.953,1447,382841
2017-01-20 23:49:26.233,1447,382853
2017-01-20 23:49:46.517,1447,382864
2017-01-20 23:50:06.797,1447,382875
2017-01-20 23:50:27.077,1447,382886
2017-01-20 23:50:47.357,1447,382897
2017-01-20 23:51:07.640,1447,382908
2017-01-20 23:51:27.920,1447,382920
2017-01-20 23:51:48.200,1447,382931
2017-01-20 23:52:08.480,1447,382942
2017-01-20 23:52:28.763,1447,382953
2017-01-20 23:52:49.043,1447,382964
2017-01-20 23:53:09.327,1447,382975
2017-01-20 23:53:29.607,1447,382987
2017-01-20 23:53:49.887,1447,382998
2017-01-20 23:54:10.167,1447,383009
2017-01-20 23:54:30.447,1447,383020
2017-01-20 23:54:50.730,1447,383031
2017-01-20 23:55:11.013,1447,383042
2017-01-20 23:55:31.293,1447,383054
2017-01-20 23:55:51.577,1447,383065
2017-01-20 23:56:11.853,1447,383076
2017-01-20 23:56:32.137,1447,383087
2017-01-20 23:56:52.417,1447,383098
2017-01-20 23:57:12.697,1447,383109
2017-01-20 23:57:32.977,1447,383121
2017-01-20 23:57:53.260,1447,383132
2017-01-20 23:58:13.540,1447,383143
2017-01-20 23:58:33.823,1447,383154
2017-01-20 23:58:54.103,1447,383165
2017-01-20 23:59:14.383,1447,383176
2017-01-20 23:59:34.663,1447,383188
2017-01-20 23:59:54.947,1447,383199
2017-01-21 00:00:15.240,1447,383210
2017-01-21 00:00:35.523,1447,383221
2017-01-21 00:00:55.803,1447,383232
2017-01-21 00:01:16.087,1447,383243
2017-01-21 00:01:36.367,1447,383255
2017-01-21 00:01:56.647,1447,383266
2017-01-21 00:02:16.927,1447,383277
2017-01-21 00:02:37.207,1447,383288
2017-01-21 00:02:57.490,1447,383299
2017-01-21 00:03:17.770,1447,383310
2017-01-21 00:03:38.050,1447,383322
2017-01-21 00:03:58.333,1447,383333
2017-01-21 00:04:18.613,1447,383344
