MF Pb,MF Zn,MF Fe,PbFC Pb,PbFC ZN,PbFC Fe,ZRF Pb,ZRF Zn,ZRF Fe,ZRT A Pb,ZRT A Zn,ZRT A Fe,ZRT B Pb,ZRT B Zn,ZRT B Fe,ZRT Comb Pb,ZRT Comb Zn,ZRT Comb Fe,Z1RC Pb,Z1RC Zn,Z1RC Fe,Z2RC Pb,Z2RC Zn,Z2RC Fe,ZRCC Pb,ZRCC Zn,ZRCC Fe,value,qualityName_id
5.2458934784,13.497014999,5.4422984123,55.410709381,11.606258392,7.1280002594,3.0963323116,17.857028961,8.1788711548,1.9203318357,0.9989464879,3.1686306,99.900001526,99.900001526,99.900001526,99.900001526,99.900001526,99.900001526,3.2828223705,38.465496063,5.6342253685,4.0510892868,23.221212387,14.158090591,2.8032693863,26.109272003,8.2968492508,3.672475,0
5.2458934784,13.348228455,5.4422984123,55.041843414,12.22456646,8.3256502151,3.0963323116,17.857028961,8.1788711548,1.9203318357,0.9989464879,3.1686306,99.900001526,99.900001526,99.900001526,99.900001526,99.900001526,99.900001526,3.2828223705,38.979721069,5.6342253685,4.0510892868,23.221212387,14.158090591,2.8032693863,26.109272003,8.2968492508,0.4727514,1
5.2458934784,13.348228455,5.4422984123,55.041843414,12.22456646,8.3256502151,3.0963323116,17.857028961,8.1788711548,1.9203318357,0.9989464879,3.1686306,99.900001526,99.900001526,99.900001526,99.900001526,99.900001526,99.900001526,3.2828223705,38.979721069,5.6342253685,4.0510892868,23.221212387,14.158090591,2.8032693863,26.109272003,8.2968492508,0.8416163000000001,0
5.2403378487,13.348228455,5.4695520401,54.323013306,10.92479229,3.8492331505,3.0963323116,17.942201614,8.1788711548,2.059571743,1.0789664984,3.1686306,99.900001526,99.900001526,99.900001526,99.900001526,99.900001526,99.900001526,3.4222142696,38.678195953,5.6342253685,4.1864132881,23.697551727,14.017818451,2.8032693863,26.233221054,8.1698522568,0.04879319,1
5.2403378487,13.348228455,5.4695520401,54.751018624,11.568048597,6.2306414164,3.0963323116,17.942201614,8.1788711548,2.059571743,1.0789664984,3.1686306,99.900001526,99.900001526,99.900001526,99.900001526,99.900001526,99.900001526,3.4222142696,38.678195953,5.6342253685,4.1864132881,23.697551727,14.017818451,2.8032693863,26.233221054,8.1698522568,1.002489,0
5.2403378487,13.57713604,5.3672595024,55.091087341,12.079143524,8.1227731705,3.0963323116,18.096755981,8.1788711548,2.059571743,1.0789664984,3.2722986204,99.900001526,99.900001526,99.900001526,99.900001526,99.900001526,99.900001526,3.4222142696,38.678195953,5.6342253685,4.1864132881,23.697551727,14.017818451,2.8032693863,26.233221054,8.1698522568,0.49665010000000004,1
5.2403378487,13.57713604,5.3672595024,55.091087341,12.079143524,8.1227731705,3.0963323116,18.096755981,8.1788711548,2.059571743,1.0789664984,3.3270845413,99.900001526,99.900001526,99.900001526,99.900001526,99.900001526,99.900001526,3.4222142696,38.678195953,5.6342253685,4.1864132881,23.697551727,14.017818451,2.8032693863,26.233221054,8.1698522568,1.079856,0
5.2403378487,13.57713604,5.3672595024,53.731498718,12.079143524,6.4650568962,3.0963323116,17.7648983,8.1788711548,2.059571743,1.0789664984,3.3270845413,99.900001526,99.900001526,99.900001526,99.900001526,99.900001526,99.900001526,3.4222142696,38.333534241,5.6342253685,4.1864132881,23.584287643,14.017818451,2.8032693863,25.943174362,8.0563611984,0.40550579999999997,1
5.2403378487,13.57713604,5.3672595024,53.731498718,12.079143524,6.4650568962,3.0963323116,17.7648983,8.1788711548,2.059571743,1.0789664984,3.3270845413,99.900001526,99.900001526,99.900001526,99.900001526,99.900001526,99.900001526,3.4222142696,38.333534241,5.6342253685,4.1864132881,23.584287643,14.017818451,2.8032693863,25.943174362,8.0563611984,3.998214,0
5.34745121,13.456747055,5.5337867737,54.952968597,10.458950043,3.47179389,3.232789278,17.886249542,8.1788711548,2.059571743,1.0789664984,3.3270845413,99.900001526,99.900001526,99.900001526,99.900001526,99.900001526,99.900001526,3.5699419975,38.043304443,5.7406945229,4.1864132881,23.042051315,14.135912895,2.8032693863,25.573139191,8.0563611984,0.4383996,1
5.34745121,13.456747055,5.5337867737,54.952968597,10.458950043,3.47179389,3.232789278,17.886249542,8.1788711548,2.059571743,1.0789664984,3.2267810774,99.900001526,99.900001526,99.900001526,99.900001526,99.900001526,99.900001526,3.5699419975,38.043304443,5.7406945229,4.1864132881,23.042051315,14.135912895,2.8032693863,25.573139191,8.0563611984,2.548821,0
4.8096280098,13.606953621,5.0713439232,53.811183929,12.342547417,7.0114107132,2.279443264,16.766571045,7.4191622734,1.9516034126,0.97773271799,3.2369930744,99.900001526,99.900001526,99.900001526,99.900001526,99.900001526,99.900001526,2.767926693,39.159770966,5.3793029785,3.6988532543,22.762046814,14.604229927,2.601733923,26.756292343,8.4193239212,0.2363873,1
4.8096280098,13.606953621,5.0713439232,53.811183929,12.342547417,7.0114107132,2.279443264,16.766571045,7.4191622734,1.9516034126,0.97773271799,3.2369930744,99.900001526,99.900001526,99.900001526,99.900001526,99.900001526,99.900001526,2.767926693,39.159770966,5.3793029785,3.6988532543,22.762046814,14.604229927,2.601733923,26.756292343,8.4193239212,0.6153586,0
4.8096280098,13.606953621,5.0127334595,53.811183929,12.342547417,7.0114107132,2.279443264,16.766571045,7.4191622734,1.7872149944,0.84384781122,3.1052496433,99.900001526,99.900001526,99.900001526,99.900001526,99.900001526,99.900001526,2.767926693,39.159770966,5.3793029785,3.6988532543,22.762046814,14.604229927,2.601733923,26.756292343,8.4193239212,0.5544563,1
4.8096280098,13.606953621,5.0127334595,53.811183929,12.342547417,7.0114107132,2.279443264,16.766571045,7.4191622734,1.7872149944,0.84384781122,3.1052496433,99.900001526,99.900001526,99.900001526,99.900001526,99.900001526,99.900001526,2.767926693,39.159770966,5.3793029785,3.6988532543,22.762046814,14.604229927,2.601733923,26.756292343,8.4193239212,1.0937649999999999,0
4.8096280098,13.534858696,5.1709638696,54.188102722,10.882204056,3.4186623096,2.279443264,16.766571045,7.4191622734,1.7872149944,0.84384781122,3.1052496433,99.900001526,99.900001526,99.900001526,99.900001526,99.900001526,99.900001526,2.767926693,39.159770966,5.3793029785,3.6988532543,21.986492157,14.94268322,2.601733923,25.529794693,8.5347356796,0.4997424,1
4.8096280098,13.534858696,5.1709638696,54.188102722,10.882204056,3.4186623096,2.279443264,16.766571045,7.4191622734,1.7872149944,0.84384781122,3.1052496433,99.900001526,99.900001526,99.900001526,99.900001526,99.900001526,99.900001526,2.767926693,39.159770966,5.3793029785,3.6988532543,21.986492157,14.94268322,2.601733923,25.529794693,8.5347356796,1.492446,0
4.8096280098,13.488747597,5.2721662521,54.188102722,10.882204056,3.4186623096,2.279443264,16.766571045,7.4191622734,1.7872149944,0.84384781122,3.1052496433,99.900001526,99.900001526,99.900001526,99.900001526,99.900001526,99.900001526,2.767926693,39.159770966,5.3793029785,3.6988532543,21.986492157,14.94268322,2.601733923,25.529794693,8.5347356796,0.3026262,1
4.8096280098,13.488747597,5.2721662521,54.188102722,10.882204056,3.4186623096,2.279443264,16.766571045,7.4191622734,1.7872149944,0.84384781122,3.1052496433,99.900001526,99.900001526,99.900001526,99.900001526,99.900001526,99.900001526,2.767926693,39.157718807,5.379781205,3.6988532543,21.986492157,14.94268322,2.601733923,25.529794693,8.5347356796,1.8805630000000002,0
4.8096280098,13.488747597,5.2721662521,54.188102722,10.882204056,3.4186623096,2.279443264,16.766571045,7.4191622734,1.7872149944,0.84384781122,3.1052496433,99.900001526,99.900001526,99.900001526,99.900001526,99.900001526,99.900001526,2.767926693,38.60654068,5.508225441,3.6988532543,21.986492157,14.94268322,2.601733923,25.529794693,8.5347356796,0.36227529999999997,1
4.8096280098,13.488747597,5.2721662521,54.188102722,10.882204056,3.4186623096,2.279443264,16.766571045,7.4191622734,1.7872149944,0.84384781122,3.1052496433,99.900001526,99.900001526,99.900001526,99.900001526,99.900001526,99.900001526,2.767926693,38.60654068,5.508225441,3.6988532543,21.986492157,14.94268322,2.601733923,25.529794693,8.5347356796,0.7243609999999999,0
4.8096280098,13.488747597,5.2721662521,54.188102722,10.882204056,3.4186623096,2.279443264,16.766571045,7.4191622734,1.7872149944,0.84384781122,3.1052496433,99.900001526,99.900001526,99.900001526,99.900001526,99.900001526,99.900001526,2.767926693,38.60654068,5.508225441,3.6988532543,21.986492157,14.94268322,2.601733923,25.529794693,8.5347356796,0.45263549999999997,1
4.8096280098,13.488747597,5.2721662521,54.188102722,10.882204056,3.4186623096,2.279443264,16.766571045,7.4191622734,1.7872149944,0.84384781122,3.1052496433,99.900001526,99.900001526,99.900001526,99.900001526,99.900001526,99.900001526,2.767926693,38.60654068,5.508225441,3.6988532543,21.986492157,14.94268322,2.601733923,25.529794693,8.5347356796,0.7994232,0
4.8096280098,13.488747597,5.2721662521,54.188102722,10.882204056,3.4186623096,2.3706248921,16.938997149,7.4191622734,1.7872149944,0.84384781122,3.1052496433,99.900001526,99.900001526,99.900001526,99.900001526,99.900001526,99.900001526,2.767926693,38.60654068,5.508225441,3.6988532543,21.986492157,14.94268322,2.601733923,25.529794693,8.5347356796,0.4347545,1
4.8096280098,13.488747597,5.2721662521,54.188102722,10.882204056,3.4186623096,2.3882982731,16.972417831,7.4191622734,1.7872149944,0.84384781122,3.1052496433,99.900001526,99.900001526,99.900001526,99.900001526,99.900001526,99.900001526,2.767926693,38.60654068,5.508225441,3.6988532543,21.986492157,14.94268322,2.601733923,25.529794693,8.5347356796,1.284499,0
4.8096280098,13.488747597,5.2721662521,54.188102722,10.882204056,3.4186623096,2.3882982731,16.972417831,7.4191622734,1.7872149944,0.84384781122,3.1052496433,99.900001526,99.900001526,99.900001526,99.900001526,99.900001526,99.900001526,2.767926693,38.60654068,5.508225441,3.6988532543,22.031856227,14.880301576,2.601733923,25.529794693,8.5347356796,0.4920920999999999,1
4.8096280098,13.488747597,5.2721662521,54.188102722,10.882204056,3.4186623096,2.3882982731,16.972417831,7.4191622734,1.7872149944,0.84384781122,3.1052496433,99.900001526,99.900001526,99.900001526,99.900001526,99.900001526,99.900001526,2.767926693,38.60654068,5.508225441,3.6988532543,22.120622635,14.758235931,2.601733923,25.708518055,8.3456210582,1.071979,0
5.0298929214,13.692563057,5.3374977112,53.605976105,12.265406609,6.7374415398,2.3882982731,16.530200958,7.4191622734,1.7872149944,0.84384781122,3.1052496433,99.900001526,99.900001526,99.900001526,99.900001526,99.900001526,99.900001526,2.7203102112,38.864154816,5.508225441,3.6988532543,22.231046677,14.665341377,2.601733923,25.595352173,8.3891420364,0.287443,1
5.0298929214,13.692563057,5.3374977112,53.605976105,12.265406609,6.7374415398,2.3882982731,16.530200958,7.4191622734,1.7872149944,0.84384781122,3.1052496433,99.900001526,99.900001526,99.900001526,99.900001526,99.900001526,99.900001526,2.7203102112,38.864154816,5.508225441,3.6988532543,22.231046677,14.665341377,2.601733923,25.595352173,8.3891420364,1.352023,0
5.0298929214,13.692563057,5.3374977112,53.874347687,12.40653038,7.2444229126,2.2141747475,16.407176971,7.4191622734,1.7872149944,0.84384781122,3.1052496433,99.900001526,99.900001526,99.900001526,99.900001526,99.900001526,99.900001526,2.7203102112,39.305534363,5.3961992264,3.6988532543,22.311670763,14.614796128,2.601733923,25.595352173,8.3891420364,0.2766484,1
5.0298929214,13.692563057,5.3374977112,53.874347687,12.40653038,7.2444229126,2.2141747475,16.407176971,7.4191622734,1.7872149944,0.84384781122,3.1052496433,99.900001526,99.900001526,99.900001526,99.900001526,99.900001526,99.900001526,2.7203102112,39.305534363,5.3961992264,3.6988532543,22.311670763,14.614796128,2.601733923,25.595352173,8.3891420364,1.111268,0
5.0475430489,13.652767181,5.343960762,52.659549713,12.018871307,4.8937773705,2.4397656918,17.395158768,7.4012503624,1.7872149944,0.84384781122,3.1052496433,99.900001526,99.900001526,99.900001526,99.900001526,99.900001526,99.900001526,2.8588545322,37.792713165,5.476246357,3.654156208,23.327281952,14.119730949,2.5833981037,26.16891861,8.0662698746,0.5156430999999999,1
5.0475430489,13.652767181,5.343960762,52.659549713,12.018871307,4.8937773705,2.4397656918,17.344579398,7.4468368429,1.7872149944,0.84384781122,3.1052496433,99.900001526,99.900001526,99.900001526,99.900001526,99.900001526,99.900001526,2.8588545322,37.792713165,5.476246357,3.654156208,23.327281952,14.119730949,2.5833981037,26.16891861,8.0662698746,1.957486,0
99.900001526,99.900001526,99.900001526,99.900001526,99.900001526,99.900001526,2.5641374588,17.119951248,7.7256150246,1.7872149944,1.0589259863,3.1009037495,99.900001526,99.900001526,99.900001526,99.900001526,99.900001526,99.900001526,2.9170935806,38.922827452,5.4797606468,3.9125077724,24.097263336,13.909279823,99.900001526,99.900001526,99.900001526,0.5409115,1
99.900001526,99.900001526,99.900001526,99.900001526,99.900001526,99.900001526,2.5641374588,17.119951248,7.7256150246,1.7872149944,1.0589259863,3.1009037495,99.900001526,99.900001526,99.900001526,99.900001526,99.900001526,99.900001526,2.9170935806,38.922827452,5.4797606468,3.9125077724,24.097263336,13.909279823,99.900001526,99.900001526,99.900001526,1.3086799999999998,0
99.900001526,99.900001526,99.900001526,99.900001526,99.900001526,99.900001526,2.5641374588,17.119951248,7.5721755028,1.7872149944,1.0589259863,3.2267565727,99.900001526,99.900001526,99.900001526,99.900001526,99.900001526,99.900001526,2.8863427639,39.042011261,5.4797606468,4.0126161575,24.262229919,14.018801689,99.900001526,99.900001526,99.900001526,0.344551,1
99.900001526,99.900001526,99.900001526,99.900001526,99.900001526,99.900001526,2.5641374588,17.119951248,7.5721755028,1.7872149944,1.0589259863,3.2267565727,99.900001526,99.900001526,99.900001526,99.900001526,99.900001526,99.900001526,2.8863427639,39.042011261,5.4797606468,4.0126161575,24.262229919,14.018801689,99.900001526,99.900001526,99.900001526,0.9554591,0
99.900001526,99.900001526,99.900001526,99.900001526,99.900001526,99.900001526,2.5641374588,17.29511261,7.5721755028,1.7872149944,1.0589259863,3.2267565727,99.900001526,99.900001526,99.900001526,99.900001526,99.900001526,99.900001526,2.8863427639,38.79499054,5.4797606468,4.0126161575,24.262229919,14.018801689,99.900001526,99.900001526,99.900001526,0.21044429999999997,1
99.900001526,99.900001526,99.900001526,99.900001526,99.900001526,99.900001526,2.5641374588,17.29511261,7.5721755028,1.7872149944,1.0589259863,3.2267565727,99.900001526,99.900001526,99.900001526,99.900001526,99.900001526,99.900001526,2.8863427639,38.79499054,5.4797606468,4.0126161575,24.262229919,14.018801689,99.900001526,99.900001526,99.900001526,0.5681883000000001,0
99.900001526,99.900001526,99.900001526,99.900001526,99.900001526,99.900001526,2.1522877216,17.138855796,7.0993704796,1.7872149944,1.0589259863,3.0888109207,99.900001526,99.900001526,99.900001526,99.900001526,99.900001526,99.900001526,2.809387207,37.529987335,5.6328048706,3.6548941135,22.740259171,14.097620964,99.900001526,99.900001526,99.900001526,0.15730360000000002,1
99.900001526,99.900001526,99.900001526,99.900001526,99.900001526,99.900001526,2.1522877216,17.197322845,7.0993704796,1.7872149944,1.0589259863,3.0888109207,99.900001526,99.900001526,99.900001526,99.900001526,99.900001526,99.900001526,2.809387207,37.529987335,5.6328048706,3.6548941135,22.740259171,14.097620964,99.900001526,99.900001526,99.900001526,0.9321556000000001,0
99.900001526,99.900001526,99.900001526,99.900001526,99.900001526,99.900001526,2.1522877216,17.197322845,7.0993704796,1.7872149944,1.0589259863,3.0888109207,99.900001526,99.900001526,99.900001526,99.900001526,99.900001526,99.900001526,2.809387207,37.529987335,5.6328048706,3.6214636693,22.646853241,14.097620964,99.900001526,99.900001526,99.900001526,0.5069228,1
99.900001526,99.900001526,99.900001526,99.900001526,99.900001526,99.900001526,2.1522877216,17.197322845,7.0993704796,1.7872149944,1.0589259863,3.0888109207,99.900001526,99.900001526,99.900001526,99.900001526,99.900001526,99.900001526,2.809387207,37.529987335,5.6328048706,3.5053665638,22.322473526,14.097620964,99.900001526,99.900001526,99.900001526,4.154789,0
99.900001526,99.900001526,99.900001526,99.900001526,99.900001526,99.900001526,2.1522877216,17.197322845,7.0993704796,1.7872149944,1.0589259863,3.0888109207,99.900001526,99.900001526,99.900001526,99.900001526,99.900001526,99.900001526,2.809387207,37.529987335,5.6328048706,3.5053665638,22.322473526,14.097620964,99.900001526,99.900001526,99.900001526,0.3917908,1
99.900001526,99.900001526,99.900001526,99.900001526,99.900001526,99.900001526,2.1522877216,17.197322845,7.0993704796,1.7419892913,1.0589259863,3.0888109207,99.900001526,99.900001526,99.900001526,99.900001526,99.900001526,99.900001526,2.809387207,37.529987335,5.6328048706,3.5053665638,22.322473526,14.097620964,99.900001526,99.900001526,99.900001526,0.5575355,0
99.900001526,99.900001526,99.900001526,99.900001526,99.900001526,99.900001526,2.1522877216,17.197322845,7.0993704796,1.7419892913,1.0589259863,3.0888109207,99.900001526,99.900001526,99.900001526,99.900001526,99.900001526,99.900001526,2.809387207,37.529987335,5.6328048706,3.5053665638,22.322473526,14.097620964,99.900001526,99.900001526,99.900001526,0.1185577,1
99.900001526,99.900001526,99.900001526,99.900001526,99.900001526,99.900001526,2.1522877216,17.197322845,7.0993704796,1.6713415384,1.0589259863,3.0888109207,99.900001526,99.900001526,99.900001526,99.900001526,99.900001526,99.900001526,2.809387207,37.529987335,5.6328048706,3.5053665638,22.322473526,14.097620964,99.900001526,99.900001526,99.900001526,0.9639226000000001,0
99.900001526,99.900001526,99.900001526,99.900001526,99.900001526,99.900001526,2.1522877216,17.197322845,7.0993704796,1.6713415384,1.0589259863,3.0888109207,99.900001526,99.900001526,99.900001526,99.900001526,99.900001526,99.900001526,2.809387207,37.705166874,5.6328048706,3.5053665638,22.322473526,14.097620964,99.900001526,99.900001526,99.900001526,0.2395029,1
99.900001526,99.900001526,99.900001526,99.900001526,99.900001526,99.900001526,2.1522877216,17.197322845,7.0993704796,1.6713415384,1.0589259863,3.0888109207,99.900001526,99.900001526,99.900001526,99.900001526,99.900001526,99.900001526,2.809387207,37.705166874,5.6328048706,3.5053665638,22.322473526,14.097620964,99.900001526,99.900001526,99.900001526,0.7279654000000001,0
99.900001526,99.900001526,99.900001526,99.900001526,99.900001526,99.900001526,2.1522877216,17.197322845,7.0993704796,1.6713415384,1.0589259863,3.0888109207,99.900001526,99.900001526,99.900001526,99.900001526,99.900001526,99.900001526,2.809387207,38.311306,5.6328048706,3.5053665638,22.322473526,14.097620964,99.900001526,99.900001526,99.900001526,0.4712121,1
99.900001526,99.900001526,99.900001526,99.900001526,99.900001526,99.900001526,2.1522877216,17.197322845,7.0993704796,1.6713415384,1.0589259863,3.0888109207,99.900001526,99.900001526,99.900001526,99.900001526,99.900001526,99.900001526,2.809387207,38.311306,5.6328048706,3.5053665638,22.322473526,14.097620964,99.900001526,99.900001526,99.900001526,1.064689,0
99.900001526,99.900001526,99.900001526,99.900001526,99.900001526,99.900001526,2.1522877216,17.197322845,7.0993704796,1.6713415384,1.0589259863,3.0888109207,99.900001526,99.900001526,99.900001526,99.900001526,99.900001526,99.900001526,2.809387207,38.311306,5.6328048706,3.5053665638,22.621429443,14.097620964,99.900001526,99.900001526,99.900001526,0.42035150000000004,1
99.900001526,99.900001526,99.900001526,99.900001526,99.900001526,99.900001526,2.1522877216,17.197322845,7.0993704796,1.6713415384,1.0589259863,3.0888109207,99.900001526,99.900001526,99.900001526,99.900001526,99.900001526,99.900001526,2.809387207,38.311306,5.6328048706,3.5053665638,22.621429443,14.097620964,99.900001526,99.900001526,99.900001526,1.1831129999999999,0
99.900001526,99.900001526,99.900001526,99.900001526,99.900001526,99.900001526,2.1522877216,17.197322845,7.0993704796,1.6713415384,1.0589259863,3.0888109207,99.900001526,99.900001526,99.900001526,99.900001526,99.900001526,99.900001526,2.809387207,38.311306,5.6328048706,3.5053665638,22.621429443,14.097620964,99.900001526,99.900001526,99.900001526,0.23521140000000001,1
99.900001526,99.900001526,99.900001526,99.900001526,99.900001526,99.900001526,2.1522877216,17.197322845,7.0993704796,1.6713415384,1.0589259863,3.0888109207,99.900001526,99.900001526,99.900001526,99.900001526,99.900001526,99.900001526,2.809387207,38.311306,5.6328048706,3.5053665638,22.621429443,14.097620964,99.900001526,99.900001526,99.900001526,1.181309,0
99.900001526,99.900001526,99.900001526,99.900001526,99.900001526,99.900001526,2.1522877216,17.197322845,7.0993704796,1.6713415384,1.0589259863,3.0888109207,99.900001526,99.900001526,99.900001526,99.900001526,99.900001526,99.900001526,2.7006676197,39.090934753,5.4432311058,3.5053665638,22.621429443,14.097620964,99.900001526,99.900001526,99.900001526,0.3880822,1
99.900001526,99.900001526,99.900001526,99.900001526,99.900001526,99.900001526,2.1522877216,17.197322845,7.0993704796,1.6713415384,1.0589259863,3.0888109207,99.900001526,99.900001526,99.900001526,99.900001526,99.900001526,99.900001526,2.7006676197,39.090934753,5.4432311058,3.5053665638,22.621429443,14.097620964,99.900001526,99.900001526,99.900001526,1.0371059999999999,0
99.900001526,99.900001526,99.900001526,99.900001526,99.900001526,99.900001526,2.1522877216,17.197322845,7.0993704796,1.6713415384,1.0589259863,3.0888109207,99.900001526,99.900001526,99.900001526,99.900001526,99.900001526,99.900001526,2.7006676197,39.090934753,5.4432311058,3.5053665638,22.621429443,14.097620964,99.900001526,99.900001526,99.900001526,0.44287259999999995,1
99.900001526,99.900001526,99.900001526,99.900001526,99.900001526,99.900001526,2.1522877216,17.197322845,7.0993704796,1.6713415384,1.0589259863,3.0888109207,99.900001526,99.900001526,99.900001526,99.900001526,99.900001526,99.900001526,2.7006676197,39.090934753,5.4432311058,3.5053665638,22.621429443,14.097620964,99.900001526,99.900001526,99.900001526,0.6630343000000001,0
99.900001526,99.900001526,99.900001526,99.900001526,99.900001526,99.900001526,2.1522877216,17.197322845,7.0993704796,1.6713415384,1.0589259863,3.0888109207,99.900001526,99.900001526,99.900001526,99.900001526,99.900001526,99.900001526,2.7006676197,39.090934753,5.4432311058,3.5053665638,22.621429443,14.097620964,99.900001526,99.900001526,99.900001526,0.236002,1
99.900001526,99.900001526,99.900001526,99.900001526,99.900001526,99.900001526,2.1522877216,17.197322845,7.0993704796,1.6713415384,1.0589259863,3.0888109207,99.900001526,99.900001526,99.900001526,99.900001526,99.900001526,99.900001526,2.7006676197,39.090934753,5.4432311058,3.5053665638,22.780173631,14.097620964,99.900001526,99.900001526,99.900001526,0.9707459999999999,0
99.900001526,99.900001526,99.900001526,99.900001526,99.900001526,99.900001526,2.1522877216,17.197322845,7.0993704796,1.6713415384,1.0589259863,3.0888109207,99.900001526,99.900001526,99.900001526,99.900001526,99.900001526,99.900001526,2.7006676197,39.090934753,5.4432311058,3.5053665638,22.840047836,14.097620964,99.900001526,99.900001526,99.900001526,0.43186490000000005,1
99.900001526,99.900001526,99.900001526,99.900001526,99.900001526,99.900001526,2.1522877216,17.197322845,7.0993704796,1.6713415384,1.0589259863,3.0888109207,99.900001526,99.900001526,99.900001526,99.900001526,99.900001526,99.900001526,2.7006676197,39.090934753,5.4432311058,3.5053665638,22.840047836,14.097620964,99.900001526,99.900001526,99.900001526,0.6558435,0
99.900001526,99.900001526,99.900001526,99.900001526,99.900001526,99.900001526,2.1522877216,17.197322845,7.0993704796,1.6713415384,1.0589259863,3.0888109207,99.900001526,99.900001526,99.900001526,99.900001526,99.900001526,99.900001526,2.7006676197,39.090934753,5.4432311058,3.5053665638,22.840047836,14.097620964,99.900001526,99.900001526,99.900001526,0.3789568,1
99.900001526,99.900001526,99.900001526,99.900001526,99.900001526,99.900001526,2.1522877216,17.197322845,7.0993704796,1.6713415384,1.0589259863,3.0888109207,99.900001526,99.900001526,99.900001526,99.900001526,99.900001526,99.900001526,2.7006676197,39.090934753,5.4432311058,3.5053665638,22.840047836,14.097620964,99.900001526,99.900001526,99.900001526,2.667347,0
99.900001526,99.900001526,99.900001526,99.900001526,99.900001526,99.900001526,2.1522877216,17.197322845,7.0993704796,1.6713415384,1.0589259863,3.0888109207,99.900001526,99.900001526,99.900001526,99.900001526,99.900001526,99.900001526,2.7006676197,39.560470581,5.4432311058,3.5053665638,22.840047836,14.097620964,99.900001526,99.900001526,99.900001526,0.4817884,1
99.900001526,99.900001526,99.900001526,99.900001526,99.900001526,99.900001526,2.1522877216,17.197322845,7.0993704796,1.6713415384,1.0589259863,3.0888109207,99.900001526,99.900001526,99.900001526,99.900001526,99.900001526,99.900001526,2.7006676197,39.560470581,5.4432311058,3.5053665638,22.840047836,14.097620964,99.900001526,99.900001526,99.900001526,0.7786706999999999,0
99.900001526,99.900001526,99.900001526,99.900001526,99.900001526,99.900001526,2.1522877216,16.804742813,7.0993704796,1.6713415384,1.0589259863,3.0888109207,99.900001526,99.900001526,99.900001526,99.900001526,99.900001526,99.900001526,2.7006676197,39.560470581,5.4432311058,3.5053665638,22.840047836,14.097620964,99.900001526,99.900001526,99.900001526,0.4958686,1
99.900001526,99.900001526,99.900001526,99.900001526,99.900001526,99.900001526,2.1522877216,16.804742813,7.0993704796,1.6713415384,1.0589259863,3.0888109207,99.900001526,99.900001526,99.900001526,99.900001526,99.900001526,99.900001526,2.7006676197,39.560470581,5.4432311058,3.5053665638,23.04590416,14.097620964,99.900001526,99.900001526,99.900001526,0.7020211999999999,0
99.900001526,99.900001526,99.900001526,99.900001526,99.900001526,99.900001526,2.1522877216,16.804742813,7.0993704796,1.6713415384,1.0589259863,3.0888109207,99.900001526,99.900001526,99.900001526,99.900001526,99.900001526,99.900001526,2.7006676197,39.560470581,5.4432311058,3.5053665638,23.04590416,14.097620964,99.900001526,99.900001526,99.900001526,0.0,1
99.900001526,99.900001526,99.900001526,99.900001526,99.900001526,99.900001526,2.1522877216,16.804742813,7.0993704796,1.6713415384,1.0589259863,3.0888109207,99.900001526,99.900001526,99.900001526,99.900001526,99.900001526,99.900001526,2.7006676197,39.560470581,5.4432311058,3.5053665638,23.04590416,14.097620964,99.900001526,99.900001526,99.900001526,0.5179471,0
99.900001526,99.900001526,99.900001526,99.900001526,99.900001526,99.900001526,2.1522877216,16.804742813,7.0993704796,1.6713415384,1.0589259863,2.9391791821,99.900001526,99.900001526,99.900001526,99.900001526,99.900001526,99.900001526,2.7006676197,39.560470581,5.4432311058,3.5053665638,23.04590416,14.097620964,99.900001526,99.900001526,99.900001526,0.37284520000000004,1
99.900001526,99.900001526,99.900001526,99.900001526,99.900001526,99.900001526,2.1522877216,16.804742813,7.0993704796,1.6713415384,1.0589259863,2.9391791821,99.900001526,99.900001526,99.900001526,99.900001526,99.900001526,99.900001526,2.7006676197,39.560470581,5.4432311058,3.5053665638,23.04590416,14.097620964,99.900001526,99.900001526,99.900001526,2.008581,0
99.900001526,99.900001526,99.900001526,99.900001526,99.900001526,99.900001526,2.1522877216,16.804742813,7.0993704796,1.6713415384,1.0589259863,2.9391791821,99.900001526,99.900001526,99.900001526,99.900001526,99.900001526,99.900001526,2.7006676197,39.560470581,5.4432311058,3.5053665638,23.04590416,14.097620964,99.900001526,99.900001526,99.900001526,0.43455140000000003,1
99.900001526,99.900001526,99.900001526,99.900001526,99.900001526,99.900001526,2.1522877216,16.804742813,7.0993704796,1.6713415384,1.0589259863,2.9391791821,99.900001526,99.900001526,99.900001526,99.900001526,99.900001526,99.900001526,2.7006676197,40.587810516,5.4432311058,3.5053665638,23.04590416,14.097620964,99.900001526,99.900001526,99.900001526,0.5953041,0
99.900001526,99.900001526,99.900001526,99.900001526,99.900001526,99.900001526,2.1522877216,16.804742813,7.0993704796,1.6713415384,1.0589259863,2.9391791821,99.900001526,99.900001526,99.900001526,99.900001526,99.900001526,99.900001526,2.7006676197,40.587810516,5.4432311058,3.5053665638,23.04590416,14.097620964,99.900001526,99.900001526,99.900001526,0.1671427,1
99.900001526,99.900001526,99.900001526,99.900001526,99.900001526,99.900001526,2.1522877216,16.804742813,7.0993704796,1.6713415384,1.0589259863,2.9391791821,99.900001526,99.900001526,99.900001526,99.900001526,99.900001526,99.900001526,2.7006676197,40.587810516,5.4432311058,3.5053665638,23.04590416,14.097620964,99.900001526,99.900001526,99.900001526,1.7029720000000002,0
99.900001526,99.900001526,99.900001526,99.900001526,99.900001526,99.900001526,1.8230073452,16.197317123,6.9963636398,1.5647044182,0.92092049122,2.9391791821,99.900001526,99.900001526,99.900001526,99.900001526,99.900001526,99.900001526,2.4773845673,42.10055542,5.3430337906,3.4020168781,23.364168167,14.122749579,99.900001526,99.900001526,99.900001526,0.42546130000000004,1
99.900001526,99.900001526,99.900001526,99.900001526,99.900001526,99.900001526,1.8230073452,16.197317123,6.9963636398,1.5647044182,0.92092049122,2.9391791821,99.900001526,99.900001526,99.900001526,99.900001526,99.900001526,99.900001526,2.4773845673,42.10055542,5.3430337906,3.4020168781,23.364168167,14.204866409,99.900001526,99.900001526,99.900001526,2.6951240000000003,0
99.900001526,99.900001526,99.900001526,99.900001526,99.900001526,99.900001526,1.8230073452,16.197317123,6.9963636398,1.5647044182,0.92092049122,3.0586783886,99.900001526,99.900001526,99.900001526,99.900001526,99.900001526,99.900001526,2.4773845673,42.10055542,5.3430337906,3.4020168781,23.364168167,14.204866409,99.900001526,99.900001526,99.900001526,0.11836949999999999,1
99.900001526,99.900001526,99.900001526,99.900001526,99.900001526,99.900001526,1.8230073452,16.197317123,6.9963636398,1.5647044182,0.92092049122,3.0586783886,99.900001526,99.900001526,99.900001526,99.900001526,99.900001526,99.900001526,2.4773845673,42.10055542,5.3430337906,3.4020168781,23.364168167,14.204866409,99.900001526,99.900001526,99.900001526,2.651814,0
99.900001526,99.900001526,99.900001526,99.900001526,99.900001526,99.900001526,1.8230073452,16.197317123,6.9963636398,1.5647044182,0.92092049122,3.0586783886,99.900001526,99.900001526,99.900001526,99.900001526,99.900001526,99.900001526,2.4773845673,42.535930634,5.2260761261,3.4020168781,23.364168167,14.204866409,99.900001526,99.900001526,99.900001526,0.4310522,1
99.900001526,99.900001526,99.900001526,99.900001526,99.900001526,99.900001526,1.8230073452,16.197317123,6.9963636398,1.5647044182,0.92092049122,3.0586783886,99.900001526,99.900001526,99.900001526,99.900001526,99.900001526,99.900001526,2.4773845673,42.535930634,5.2260761261,3.4020168781,23.364168167,14.204866409,99.900001526,99.900001526,99.900001526,0.9803238999999999,0
4.8979086876,13.695166588,5.22595644,45.782066345,16.493659973,8.8626184464,1.8230073452,16.297386169,6.9963636398,1.5647044182,0.81950366497,3.0586783886,99.900001526,99.900001526,99.900001526,99.900001526,99.900001526,99.900001526,2.3288247585,43.660415649,5.0763568878,3.0993463993,23.512857437,14.334276199,2.3333508968,28.969200134,8.3971834183,0.0395251,1
4.8979086876,13.695166588,5.22595644,45.782066345,16.493659973,8.8626184464,1.8230073452,16.297386169,6.9963636398,1.5647044182,0.81950366497,3.0586783886,99.900001526,99.900001526,99.900001526,99.900001526,99.900001526,99.900001526,2.3288247585,43.660415649,5.0763568878,3.0993463993,23.512857437,14.334276199,2.3333508968,28.969200134,8.3971834183,1.244824,0
4.8979086876,13.54970932,5.22595644,46.829044342,14.529171944,4.7969198227,1.7767444849,16.083269119,6.9963636398,1.5647044182,0.81950366497,3.0586783886,99.900001526,99.900001526,99.900001526,99.900001526,99.900001526,99.900001526,2.3288247585,43.315425873,5.0763568878,2.985011816,23.651405334,14.136364937,2.3333508968,29.235111237,8.3971834183,0.373668,1
4.8979086876,13.54970932,5.22595644,46.829044342,14.529171944,4.7969198227,1.7767444849,16.083269119,6.9963636398,1.5647044182,0.81950366497,3.0586783886,99.900001526,99.900001526,99.900001526,99.900001526,99.900001526,99.900001526,2.3288247585,43.315425873,5.0763568878,2.985011816,23.651405334,14.136364937,2.3333508968,29.235111237,8.3971834183,0.8498921999999999,0
4.8979086876,13.54970932,5.22595644,46.829044342,14.529171944,4.7969198227,1.7767444849,16.083269119,6.9963636398,1.5647044182,0.81950366497,3.0586783886,99.900001526,99.900001526,99.900001526,99.900001526,99.900001526,99.900001526,2.3288247585,43.315425873,5.0763568878,2.985011816,23.651405334,14.337327003,2.3333508968,29.235111237,8.3971834183,0.20557020000000004,1
4.8979086876,13.54970932,5.22595644,46.829044342,14.529171944,4.7969198227,1.7767444849,16.083269119,6.9963636398,1.5647044182,0.81950366497,3.0586783886,99.900001526,99.900001526,99.900001526,99.900001526,99.900001526,99.900001526,2.3288247585,43.315425873,5.0763568878,2.985011816,23.651405334,14.337327003,2.3333508968,29.235111237,8.3971834183,0.5548996999999999,0
5.0546970367,13.780881882,5.6566061974,47.009979248,13.204479218,1.3114109039,2.3245358467,16.220132828,7.7141041756,1.5647044182,0.81950366497,3.0586783886,99.900001526,99.900001526,99.900001526,99.900001526,99.900001526,99.900001526,2.4835755825,42.992172241,5.5363059044,2.985011816,23.38253212,14.833762169,2.2084190845,29.046094894,8.7277135849,0.3333507,1
5.0546970367,13.780881882,5.6566061974,47.009979248,13.204479218,1.3114109039,2.3245358467,16.220132828,7.7141041756,1.5647044182,0.81950366497,3.0586783886,99.900001526,99.900001526,99.900001526,99.900001526,99.900001526,99.900001526,2.4835755825,42.992172241,5.5363059044,3.0766944954,23.220116135,14.833762169,2.2084190845,29.046094894,8.7277135849,1.352443,0
4.7488150597,13.780881882,5.3930830956,45.893875122,15.256807327,5.7619318962,2.4967648983,16.321212769,7.7141041756,1.5647044182,0.81950366497,3.0586783886,99.900001526,99.900001526,99.900001526,99.900001526,99.900001526,99.900001526,2.4835755825,43.258785248,5.5363059044,3.0867466927,23.202308655,14.833762169,2.2084190845,29.046094894,8.7277135849,0.4905115,1
4.7488150597,13.780881882,5.3930830956,45.893875122,15.256807327,5.7619318962,2.4967648983,16.321212769,7.7141041756,1.5647044182,0.81950366497,3.0586783886,99.900001526,99.900001526,99.900001526,99.900001526,99.900001526,99.900001526,2.4835755825,43.258785248,5.5363059044,3.0867466927,23.202308655,14.980240355,2.2084190845,29.046094894,8.7277135849,1.164896,0
4.7488150597,13.780881882,5.3930830956,45.893875122,15.256807327,5.7619318962,2.4967648983,16.321212769,7.7141041756,1.5647044182,0.81950366497,3.0586783886,99.900001526,99.900001526,99.900001526,99.900001526,99.900001526,99.900001526,2.4835755825,43.258785248,5.5363059044,3.0867466927,23.202308655,15.032694817,2.2084190845,29.298744202,8.9194641113,0.4698278,1
4.7488150597,13.780881882,5.3930830956,45.893875122,15.256807327,5.7619318962,2.4967648983,16.321212769,7.7141041756,1.5647044182,0.81950366497,3.0586783886,99.900001526,99.900001526,99.900001526,99.900001526,99.900001526,99.900001526,2.4835755825,43.258785248,5.5363059044,3.0867466927,23.202308655,15.032694817,2.2084190845,29.298744202,8.9194641113,2.321048,0
4.7488150597,13.340229988,4.9791321754,47.149806976,14.745615959,5.6611599922,2.4967648983,16.321212769,7.8318042755,1.5647044182,0.81950366497,3.0586783886,99.900001526,99.900001526,99.900001526,99.900001526,99.900001526,99.900001526,2.4835755825,43.658546448,5.5363059044,3.0942000671,23.214056299,15.032694817,2.2084190845,29.298744202,8.9194641113,0.5382427,1
4.7488150597,13.340229988,4.9791321754,47.149806976,14.745615959,5.6611599922,2.4967648983,16.321212769,7.8318042755,1.5647044182,0.81950366497,3.0586783886,99.900001526,99.900001526,99.900001526,99.900001526,99.900001526,99.900001526,2.4835755825,43.658546448,5.5363059044,3.0942000671,23.214056299,15.032694817,2.2084190845,29.298744202,8.9194641113,0.5361585999999999,0
4.7488150597,13.551096916,5.1210618019,47.82478714,13.504766464,2.5952773094,2.4967648983,16.603471756,7.8318042755,1.5647044182,0.81950366497,3.0586783886,99.900001526,99.900001526,99.900001526,99.900001526,99.900001526,99.900001526,2.4835755825,43.658546448,5.5363059044,3.1902999878,23.384290202,15.032694817,2.2084190845,29.029457092,8.9194641113,0.3239165,1
4.7488150597,13.551096916,5.1210618019,47.82478714,13.504766464,2.5952773094,2.4967648983,16.603471756,7.8318042755,1.5647044182,0.81950366497,3.0586783886,99.900001526,99.900001526,99.900001526,99.900001526,99.900001526,99.900001526,2.4835755825,43.658546448,5.5363059044,3.1902999878,23.619913101,15.032694817,2.2084190845,29.029457092,8.9194641113,1.870799,0
4.6167201996,13.705258369,4.9812876601,47.761600494,13.371883392,2.2092452049,2.3070661634,15.816322775,7.8112182617,1.8283629417,0.92377763987,3.2253406048,99.900001526,99.900001526,99.900001526,99.900001526,99.900001526,99.900001526,2.7269601822,43.608608246,5.6619529724,3.1902999878,23.635030746,15.325278282,2.2084190845,29.367296219,9.2426424026,0.1988826,1
4.6167201996,13.705258369,4.9431428909,47.761600494,13.371883392,2.2092452049,2.29798913,15.787976265,7.8112182617,1.8283629417,0.92377763987,3.2253406048,99.900001526,99.900001526,99.900001526,99.900001526,99.900001526,99.900001526,2.7269601822,43.608608246,5.6619529724,3.1902999878,23.635030746,15.325278282,2.2084190845,29.367296219,9.2426424026,0.9276339,0
4.6167201996,13.705258369,4.9431428909,47.761600494,13.371883392,2.2092452049,2.29798913,15.787976265,7.8112182617,1.8283629417,0.92377763987,3.2253406048,99.900001526,99.900001526,99.900001526,99.900001526,99.900001526,99.900001526,2.7269601822,43.608608246,5.6619529724,3.1902999878,23.346029282,15.325278282,2.2084190845,29.367296219,9.2426424026,0.32045029999999997,1
4.6167201996,13.705258369,4.9431428909,47.761600494,13.371883392,2.2092452049,2.29798913,15.787976265,7.8112182617,1.8283629417,0.92377763987,3.2253406048,99.900001526,99.900001526,99.900001526,99.900001526,99.900001526,99.900001526,2.7269601822,43.608608246,5.6619529724,3.1902999878,23.346029282,15.325278282,2.2084190845,29.367296219,9.2426424026,1.021498,0
4.6167201996,13.705258369,4.9431428909,47.761600494,13.371883392,2.2092452049,2.29798913,15.787976265,7.8112182617,1.8283629417,0.92377763987,3.2253406048,99.900001526,99.900001526,99.900001526,99.900001526,99.900001526,99.900001526,2.5084404945,44.009414673,5.6619529724,3.1902999878,23.346029282,15.325278282,2.2084190845,29.367296219,9.2426424026,0.2618033,1
4.6167201996,13.705258369,4.9431428909,47.761600494,13.371883392,2.2092452049,2.29798913,15.787976265,7.8112182617,1.8283629417,0.92377763987,3.2253406048,99.900001526,99.900001526,99.900001526,99.900001526,99.900001526,99.900001526,2.5084404945,44.009414673,5.6619529724,3.1902999878,23.346029282,15.325278282,2.2084190845,29.610956168,9.2426424026,1.224979,0
4.6167201996,13.705258369,4.9431428909,47.487911224,13.155529976,1.4946210384,2.29798913,15.787976265,7.8112182617,1.8283629417,0.92377763987,3.2253406048,99.900001526,99.900001526,99.900001526,99.900001526,99.900001526,99.900001526,2.5084404945,44.009414673,5.6619529724,3.1902999878,23.346029282,15.560669899,2.2084190845,29.676765442,9.2426424026,0.3546692,1
4.6167201996,13.705258369,4.9431428909,47.487911224,13.155529976,1.4946210384,2.29798913,15.787976265,7.8112182617,1.8283629417,0.92377763987,3.2253406048,99.900001526,99.900001526,99.900001526,99.900001526,99.900001526,99.900001526,2.5084404945,44.009414673,5.6619529724,3.1902999878,23.346029282,15.560669899,2.2084190845,29.676765442,9.2426424026,0.7473766,0
4.8014206886,13.640733719,5.2069978714,52.26996994,11.793215752,3.2031600475,99.900001526,99.900001526,99.900001526,1.7140442133,0.81551545858,3.3276491165,99.900001526,99.900001526,99.900001526,99.900001526,99.900001526,99.900001526,2.044154644,46.807559967,5.019651413,2.9985430241,24.626596451,15.322154045,2.0264012814,32.495788574,9.0140705109,0.3703512,1
4.8014206886,13.640733719,5.2069978714,52.26996994,11.793215752,3.2031600475,99.900001526,99.900001526,99.900001526,1.7140442133,0.81551545858,3.3276491165,99.900001526,99.900001526,99.900001526,99.900001526,99.900001526,99.900001526,2.044154644,46.807559967,5.019651413,2.9985430241,24.626596451,15.322154045,2.0264012814,32.495788574,9.0140705109,4.315818,0
4.8014206886,13.698631287,5.4377555847,48.662052155,13.454660416,3.4875781536,99.900001526,99.900001526,99.900001526,1.5354024613,0.81551545858,3.2023954391,99.900001526,99.900001526,99.900001526,99.900001526,99.900001526,99.900001526,2.044154644,47.034137726,5.019651413,2.8545000553,23.532949448,15.758459091,2.0264012814,31.717304141,9.113301701,0.2752809,1
4.8014206886,13.698631287,5.4377555847,48.662052155,13.454660416,3.4875781536,99.900001526,99.900001526,99.900001526,1.5354024613,0.81551545858,3.2023954391,99.900001526,99.900001526,99.900001526,99.900001526,99.900001526,99.900001526,2.044154644,47.034137726,5.019651413,2.8545000553,23.532949448,15.758459091,2.0264012814,31.717304141,9.113301701,0.8896234000000001,0
4.8014206886,13.698631287,5.4377555847,48.662052155,13.454660416,3.4875781536,99.900001526,99.900001526,99.900001526,1.4482884407,0.81551545858,3.2023954391,99.900001526,99.900001526,99.900001526,99.900001526,99.900001526,99.900001526,2.044154644,47.034137726,5.019651413,2.8545000553,23.532949448,15.758459091,2.0264012814,31.790481567,9.1320228577,0.1646581,1
4.8014206886,13.698631287,5.4377555847,48.662052155,13.454660416,3.4875781536,99.900001526,99.900001526,99.900001526,1.4482884407,0.81551545858,3.2023954391,99.900001526,99.900001526,99.900001526,99.900001526,99.900001526,99.900001526,2.044154644,47.034137726,5.019651413,2.8545000553,23.532949448,15.758459091,2.0264012814,31.790481567,9.1320228577,1.8083790000000002,0
4.8014206886,13.698631287,5.2233901024,51.379180908,11.823163986,2.0438423157,99.900001526,99.900001526,99.900001526,1.4482884407,0.81551545858,3.2023954391,99.900001526,99.900001526,99.900001526,99.900001526,99.900001526,99.900001526,1.8467119932,46.386363983,5.1959400177,2.8545000553,23.764240265,15.784506798,2.0264012814,31.790481567,8.9917898178,0.4809145,1
4.8014206886,13.698631287,5.2233901024,51.379180908,11.823163986,2.0438423157,99.900001526,99.900001526,99.900001526,1.4482884407,0.81551545858,3.2023954391,99.900001526,99.900001526,99.900001526,99.900001526,99.900001526,99.900001526,1.8467119932,46.386363983,5.1959400177,2.8545000553,23.764240265,15.784506798,2.0264012814,31.790481567,8.9917898178,0.694268,0
4.8014206886,13.698631287,5.2233901024,51.508262634,10.988276482,0.28097426891,99.900001526,99.900001526,99.900001526,1.4482884407,0.81551545858,3.2023954391,99.900001526,99.900001526,99.900001526,99.900001526,99.900001526,99.900001526,1.8467119932,46.386363983,5.1959400177,2.8545000553,23.764240265,15.784506798,1.9116766453,31.318382263,9.1986713409,0.0,1
4.8014206886,13.698631287,5.2233901024,51.508262634,10.988276482,0.28097426891,99.900001526,99.900001526,99.900001526,1.4482884407,0.81551545858,3.2023954391,99.900001526,99.900001526,99.900001526,99.900001526,99.900001526,99.900001526,1.8467119932,46.386363983,5.1959400177,2.8545000553,23.764240265,15.784506798,1.9116766453,31.318382263,9.1986713409,1.9578,0
4.8014206886,13.698631287,5.2233901024,51.508262634,10.988276482,0.28097426891,99.900001526,99.900001526,99.900001526,1.4482884407,0.81551545858,3.2023954391,99.900001526,99.900001526,99.900001526,99.900001526,99.900001526,99.900001526,1.8467119932,46.386363983,5.1959400177,2.8545000553,24.02894783,15.532977104,1.9116766453,31.318382263,9.1986713409,0.3360993,1
4.8014206886,13.698631287,5.2233901024,51.508262634,10.988276482,0.28097426891,99.900001526,99.900001526,99.900001526,1.4482884407,0.81551545858,3.2023954391,99.900001526,99.900001526,99.900001526,99.900001526,99.900001526,99.900001526,1.8467119932,46.386363983,5.1959400177,2.8545000553,24.02894783,15.532977104,1.9116766453,31.318382263,9.1986713409,1.0741829999999999,0
4.8014206886,13.698631287,5.2233901024,51.508262634,10.988276482,0.28097426891,99.900001526,99.900001526,99.900001526,1.4482884407,0.81551545858,3.2023954391,99.900001526,99.900001526,99.900001526,99.900001526,99.900001526,99.900001526,1.8467119932,46.51014328,5.1959400177,2.8545000553,24.02894783,15.532977104,1.9116766453,32.299243927,8.9254198074,0.3140015,1
4.8014206886,13.698631287,5.2233901024,51.508262634,10.988276482,0.28097426891,99.900001526,99.900001526,99.900001526,1.4482884407,0.81551545858,3.2023954391,99.900001526,99.900001526,99.900001526,99.900001526,99.900001526,99.900001526,1.8467119932,46.51014328,5.1959400177,2.8545000553,24.02894783,15.532977104,1.9116766453,32.299243927,8.9254198074,1.402152,0
4.8014206886,13.807442665,5.1116566658,51.900085449,12.149110794,3.7336997986,99.900001526,99.900001526,99.900001526,1.4482884407,0.81551545858,3.2023954391,99.900001526,99.900001526,99.900001526,99.900001526,99.900001526,99.900001526,1.8467119932,46.51014328,5.1959400177,2.8545000553,24.751255035,15.227488518,1.9116766453,32.299243927,8.9254198074,0.19729229999999998,1
4.8014206886,13.807442665,5.1116566658,51.900085449,12.149110794,3.7336997986,99.900001526,99.900001526,99.900001526,1.4482884407,0.81551545858,3.2023954391,99.900001526,99.900001526,99.900001526,99.900001526,99.900001526,99.900001526,1.8467119932,46.51014328,5.1959400177,2.8545000553,24.751255035,15.227488518,1.9116766453,32.299243927,8.9254198074,1.489741,0
4.8014206886,13.807442665,5.1116566658,51.900085449,12.149110794,3.7336997986,99.900001526,99.900001526,99.900001526,1.4482884407,0.81551545858,3.2023954391,99.900001526,99.900001526,99.900001526,99.900001526,99.900001526,99.900001526,1.7436867952,46.615242004,5.1959400177,2.8545000553,24.751255035,15.227488518,1.9116766453,32.299243927,8.9254198074,0.0,1
4.8014206886,13.807442665,5.1116566658,51.900085449,12.149110794,3.7336997986,99.900001526,99.900001526,99.900001526,1.4482884407,0.81551545858,3.2023954391,99.900001526,99.900001526,99.900001526,99.900001526,99.900001526,99.900001526,1.7436867952,46.615242004,5.1959400177,2.8545000553,24.751255035,15.227488518,1.9116766453,32.299243927,8.9254198074,0.9991742,0
4.8014206886,13.807442665,5.1116566658,51.900085449,12.149110794,3.7336997986,99.900001526,99.900001526,99.900001526,1.4482884407,0.81551545858,3.2023954391,99.900001526,99.900001526,99.900001526,99.900001526,99.900001526,99.900001526,1.7436867952,46.615242004,5.1959400177,2.8374080786,24.836125052,15.183393305,1.9116766453,32.299243927,8.9254198074,0.41901759999999993,1
4.8014206886,13.807442665,5.1116566658,51.900085449,12.149110794,3.7336997986,99.900001526,99.900001526,99.900001526,1.4482884407,0.81551545858,3.2023954391,99.900001526,99.900001526,99.900001526,99.900001526,99.900001526,99.900001526,1.7436867952,46.615242004,5.1959400177,2.6933543682,25.551422119,14.811752319,1.9116766453,32.299243927,8.9254198074,0.707992,0
4.8014206886,13.807442665,5.1116566658,51.900085449,12.149110794,3.7336997986,99.900001526,99.900001526,99.900001526,1.4482884407,0.81551545858,3.2023954391,99.900001526,99.900001526,99.900001526,99.900001526,99.900001526,99.900001526,1.7436867952,46.615242004,5.1959400177,2.6933543682,25.551422119,14.811752319,1.9116766453,32.299243927,8.9254198074,0.48043270000000005,1
4.8014206886,13.807442665,5.1116566658,52.766163065,11.036823562,1.6795412145,99.900001526,99.900001526,99.900001526,1.4482884407,0.81551545858,3.2023954391,99.900001526,99.900001526,99.900001526,99.900001526,99.900001526,99.900001526,1.7436867952,46.615242004,5.1959400177,2.6933543682,25.551422119,14.811752319,1.9116766453,32.299243927,8.9254198074,0.977834,0
4.8014206886,13.807442665,5.1116566658,52.928642273,10.828154564,1.2941738367,99.900001526,99.900001526,99.900001526,1.4482884407,0.81551545858,3.2023954391,99.900001526,99.900001526,99.900001526,99.900001526,99.900001526,99.900001526,1.7436867952,46.615242004,5.1959400177,2.6933543682,25.551422119,14.811752319,1.9116766453,32.299243927,8.9254198074,0.5345513000000001,1
4.8014206886,13.807442665,5.1116566658,52.928642273,10.828154564,1.2941738367,99.900001526,99.900001526,99.900001526,1.4482884407,0.81551545858,3.2023954391,99.900001526,99.900001526,99.900001526,99.900001526,99.900001526,99.900001526,1.7436867952,46.615242004,5.1959400177,2.6933543682,25.551422119,14.811752319,1.9116766453,32.299243927,8.9254198074,0.7444278,0
4.8014206886,13.807442665,5.1116566658,52.928642273,10.828154564,1.2941738367,99.900001526,99.900001526,99.900001526,1.4482884407,0.81551545858,3.2023954391,99.900001526,99.900001526,99.900001526,99.900001526,99.900001526,99.900001526,1.8574702093,46.971094416,5.0828519431,2.6933543682,25.551422119,14.811752319,1.9116766453,32.299243927,8.9254198074,0.158227,1
4.8014206886,13.807442665,5.1116566658,52.928642273,10.828154564,1.2941738367,99.900001526,99.900001526,99.900001526,1.4482884407,0.81551545858,3.2023954391,99.900001526,99.900001526,99.900001526,99.900001526,99.900001526,99.900001526,1.8647282124,46.993793488,5.0756382942,2.6933543682,25.551422119,14.811752319,1.9116766453,32.299243927,8.9254198074,4.407312999999999,0
4.8014206886,13.807442665,5.1116566658,53.197696686,9.8960924149,0,99.900001526,99.900001526,99.900001526,1.4482884407,0.81551545858,3.3241829872,99.900001526,99.900001526,99.900001526,99.900001526,99.900001526,99.900001526,1.8647282124,47.133460999,5.0756382942,2.6933543682,26.294202805,14.811752319,1.9116766453,32.623443604,8.9254198074,0.4784807,1
4.8014206886,13.807442665,5.1116566658,53.197696686,9.8960924149,0,99.900001526,99.900001526,99.900001526,1.4482884407,0.81551545858,3.3241829872,99.900001526,99.900001526,99.900001526,99.900001526,99.900001526,99.900001526,1.8647282124,47.133460999,5.0756382942,2.6933543682,26.294202805,14.811752319,1.9116766453,32.623443604,8.9254198074,0.7134050999999999,0
4.8014206886,13.807442665,5.1116566658,53.197696686,9.8960924149,0,99.900001526,99.900001526,99.900001526,1.4482884407,0.81551545858,3.3241829872,99.900001526,99.900001526,99.900001526,99.900001526,99.900001526,99.900001526,1.8647282124,47.133460999,5.0756382942,2.6933543682,26.294202805,14.811752319,1.9116766453,32.623443604,8.9254198074,0.21143160000000003,1
4.8014206886,13.807442665,5.1116566658,53.197696686,9.8960924149,0,99.900001526,99.900001526,99.900001526,1.4482884407,0.81551545858,3.3241829872,99.900001526,99.900001526,99.900001526,99.900001526,99.900001526,99.900001526,1.8647282124,47.133460999,5.0756382942,2.6933543682,26.294202805,14.811752319,1.9116766453,32.623443604,8.9254198074,1.7065830000000002,0
4.8014206886,13.807442665,5.1116566658,53.197696686,9.8960924149,0,99.900001526,99.900001526,99.900001526,1.4482884407,0.81551545858,3.3241829872,99.900001526,99.900001526,99.900001526,99.900001526,99.900001526,99.900001526,1.8647282124,47.133460999,5.0756382942,2.8079581261,26.663694382,14.493927002,1.9116766453,32.623443604,8.9254198074,0.270683,1
4.8014206886,13.807442665,5.1116566658,53.197696686,9.8960924149,0,99.900001526,99.900001526,99.900001526,1.4482884407,0.81551545858,3.3241829872,99.900001526,99.900001526,99.900001526,99.900001526,99.900001526,99.900001526,1.8647282124,47.133460999,5.0756382942,2.8079581261,26.663694382,14.493927002,1.9116766453,32.623443604,8.9254198074,1.024901,0
4.8014206886,13.807442665,5.1116566658,53.197696686,9.8960924149,0,99.900001526,99.900001526,99.900001526,1.4482884407,0.81551545858,3.3241829872,99.900001526,99.900001526,99.900001526,99.900001526,99.900001526,99.900001526,1.8647282124,47.133460999,5.0756382942,2.8079581261,26.663694382,14.493927002,1.9116766453,33.575180131,8.6937479718,0.49201930000000005,1
4.8014206886,13.807442665,5.1116566658,53.197696686,9.8960924149,0,99.900001526,99.900001526,99.900001526,1.4482884407,0.81551545858,3.3241829872,99.900001526,99.900001526,99.900001526,99.900001526,99.900001526,99.900001526,1.8647282124,47.133460999,5.0756382942,2.8079581261,26.663694382,14.493927002,1.9116766453,33.746860504,8.6519575119,0.5391206000000001,0
4.8014206886,13.807442665,5.1116566658,53.197696686,9.8960924149,0,99.900001526,99.900001526,99.900001526,1.4482884407,0.81551545858,3.3241829872,99.900001526,99.900001526,99.900001526,99.900001526,99.900001526,99.900001526,1.8647282124,47.133460999,5.0756382942,2.8079581261,26.663694382,14.493927002,1.9116766453,33.746860504,8.6519575119,0.5175127,1
4.8014206886,13.807442665,5.1116566658,53.197696686,9.8960924149,0,99.900001526,99.900001526,99.900001526,1.4482884407,0.81551545858,3.3241829872,99.900001526,99.900001526,99.900001526,99.900001526,99.900001526,99.900001526,1.8647282124,47.133460999,5.0756382942,2.8079581261,26.663694382,14.493927002,1.9116766453,33.746860504,8.6519575119,1.4413639999999999,0
4.8014206886,13.807442665,5.2736582756,53.197696686,9.5973672867,0,99.900001526,99.900001526,99.900001526,1.4482884407,0.81551545858,3.3241829872,99.900001526,99.900001526,99.900001526,99.900001526,99.900001526,99.900001526,2.0403363705,46.919868469,5.0756382942,2.8079581261,26.663694382,14.493927002,1.9116766453,33.746860504,8.6519575119,0.2933745,1
4.8014206886,13.807442665,5.2736582756,53.197696686,9.5973672867,0,99.900001526,99.900001526,99.900001526,1.4482884407,0.81551545858,3.3241829872,99.900001526,99.900001526,99.900001526,99.900001526,99.900001526,99.900001526,2.0403363705,46.919868469,5.0756382942,2.8079581261,26.663694382,14.493927002,1.9116766453,33.746860504,8.6519575119,3.231109,0
4.8014206886,13.807442665,5.2736582756,53.197696686,9.5973672867,0,99.900001526,99.900001526,99.900001526,1.4482884407,0.81551545858,3.3241829872,99.900001526,99.900001526,99.900001526,99.900001526,99.900001526,99.900001526,2.0403363705,46.919868469,5.0756382942,2.8079581261,26.547466017,14.671828793,1.9116766453,33.746860504,8.6519575119,0.38775909999999997,1
4.8014206886,13.807442665,5.2736582756,53.197696686,9.5973672867,0,99.900001526,99.900001526,99.900001526,1.4482884407,0.81551545858,3.3241829872,99.900001526,99.900001526,99.900001526,99.900001526,99.900001526,99.900001526,2.0403363705,46.919868469,5.0756382942,2.8079581261,26.472946167,14.785890579,1.9116766453,33.746860504,8.6519575119,1.279463,0
4.8014206886,13.807442665,5.2736582756,53.579189301,9.8213939667,0,99.900001526,99.900001526,99.900001526,1.4482884407,0.81551545858,3.3241829872,99.900001526,99.900001526,99.900001526,99.900001526,99.900001526,99.900001526,2.0403363705,46.444473267,5.1790761948,2.8079581261,26.472946167,14.785890579,1.9116766453,33.457965851,8.6519575119,0.49685920000000006,1
4.8014206886,13.807442665,5.2736582756,53.579189301,9.8213939667,0,99.900001526,99.900001526,99.900001526,1.4482884407,0.81551545858,3.3241829872,99.900001526,99.900001526,99.900001526,99.900001526,99.900001526,99.900001526,2.0403363705,46.444473267,5.1790761948,2.8079581261,26.472946167,14.785890579,1.9116766453,33.457965851,8.6519575119,3.170912,0
4.8014206886,13.807442665,5.1196918488,46.506401062,15.157987595,5.825592041,99.900001526,99.900001526,99.900001526,1.4482884407,0.69887006283,3.1843559742,99.900001526,99.900001526,99.900001526,99.900001526,99.900001526,99.900001526,2.0403363705,46.269107819,4.9873814583,2.7445466518,22.920614243,15.285321236,2.0195021629,31.657686234,8.7176055908,0.5781975,1
4.8014206886,13.807442665,5.1196918488,46.506401062,15.157987595,5.825592041,99.900001526,99.900001526,99.900001526,1.4482884407,0.69887006283,3.1843559742,99.900001526,99.900001526,99.900001526,99.900001526,99.900001526,99.900001526,2.0403363705,46.269107819,4.9873814583,2.7445466518,22.920614243,15.285321236,2.0195021629,31.657686234,8.7176055908,1.606178,0
4.8014206886,13.807442665,5.1196918488,46.506401062,15.157987595,5.825592041,99.900001526,99.900001526,99.900001526,1.3330351114,0.5715252161,2.9535799026,99.900001526,99.900001526,99.900001526,99.900001526,99.900001526,99.900001526,2.0403363705,46.269107819,4.9873814583,2.7445466518,22.920614243,15.285321236,2.0195021629,31.657686234,8.7176055908,0.0,1
4.8014206886,13.807442665,5.1196918488,46.506401062,15.157987595,5.825592041,99.900001526,99.900001526,99.900001526,1.3330351114,0.5715252161,2.9535799026,99.900001526,99.900001526,99.900001526,99.900001526,99.900001526,99.900001526,2.0403363705,45.781749725,4.9873814583,2.7445466518,22.920614243,15.285321236,2.0195021629,31.657686234,8.7176055908,0.5938637,0
4.8014206886,13.807442665,5.1196918488,46.506401062,15.157987595,5.825592041,99.900001526,99.900001526,99.900001526,1.3330351114,0.5715252161,2.9535799026,99.900001526,99.900001526,99.900001526,99.900001526,99.900001526,99.900001526,2.0403363705,45.781749725,4.9873814583,2.7445466518,22.920614243,15.285321236,2.0195021629,31.657686234,8.7176055908,0.2616215,1
4.8014206886,13.807442665,5.1196918488,46.506401062,15.157987595,5.825592041,99.900001526,99.900001526,99.900001526,1.3330351114,0.5715252161,2.9535799026,99.900001526,99.900001526,99.900001526,99.900001526,99.900001526,99.900001526,2.0403363705,45.781749725,4.9873814583,2.7445466518,22.920614243,15.285321236,2.0195021629,31.657686234,8.7176055908,0.7289085999999999,0
4.8014206886,13.807442665,5.1196918488,46.506401062,15.157987595,5.825592041,99.900001526,99.900001526,99.900001526,1.3330351114,0.5715252161,2.9535799026,99.900001526,99.900001526,99.900001526,99.900001526,99.900001526,99.900001526,2.0403363705,45.781749725,4.9873814583,2.7445466518,22.696874954,15.633873473,2.0195021629,31.657686234,8.7176055908,0.4828111,1
4.8014206886,13.807442665,5.1196918488,46.506401062,15.157987595,5.825592041,99.900001526,99.900001526,99.900001526,1.3330351114,0.5715252161,2.9535799026,99.900001526,99.900001526,99.900001526,99.900001526,99.900001526,99.900001526,2.0403363705,45.781749725,4.9873814583,2.7445466518,22.696874954,15.633873473,2.0195021629,31.657686234,8.7176055908,0.5674666,0
4.8014206886,13.807442665,5.1196918488,46.506401062,15.157987595,5.825592041,99.900001526,99.900001526,99.900001526,1.3330351114,0.5715252161,2.9535799026,99.900001526,99.900001526,99.900001526,99.900001526,99.900001526,99.900001526,2.0403363705,45.781749725,4.9873814583,2.7445466518,22.635566711,15.729382515,2.0195021629,31.657686234,8.7176055908,0.3213737,1
4.8014206886,13.807442665,5.1196918488,46.506401062,15.157987595,5.825592041,99.900001526,99.900001526,99.900001526,1.3330351114,0.5715252161,2.9535799026,99.900001526,99.900001526,99.900001526,99.900001526,99.900001526,99.900001526,2.0403363705,45.781749725,4.9873814583,2.7445466518,22.635566711,15.729382515,2.0195021629,31.657686234,8.7176055908,0.9366800999999999,0
4.8014206886,13.807442665,5.1196918488,46.506401062,15.157987595,5.825592041,99.900001526,99.900001526,99.900001526,1.3330351114,0.5715252161,2.9535799026,99.900001526,99.900001526,99.900001526,99.900001526,99.900001526,99.900001526,2.0403363705,45.781749725,4.9873814583,2.7445466518,22.635566711,15.729382515,2.0195021629,31.657686234,8.7176055908,0.19918729999999998,1
4.8014206886,13.807442665,5.1196918488,46.506401062,15.157987595,5.825592041,99.900001526,99.900001526,99.900001526,1.3330351114,0.5715252161,2.9535799026,99.900001526,99.900001526,99.900001526,99.900001526,99.900001526,99.900001526,2.0403363705,45.781749725,4.9873814583,2.7445466518,22.635566711,15.729382515,2.0195021629,31.657686234,8.7176055908,0.6942438,0
4.8014206886,13.807442665,5.1196918488,46.506401062,15.157987595,5.825592041,99.900001526,99.900001526,99.900001526,1.3330351114,0.5715252161,2.9535799026,99.900001526,99.900001526,99.900001526,99.900001526,99.900001526,99.900001526,2.0403363705,45.976745605,4.9873814583,2.7445466518,22.635566711,15.729382515,2.0195021629,31.657686234,8.7176055908,0.03926573,1
4.8014206886,13.807442665,5.1196918488,46.506401062,15.157987595,5.825592041,99.900001526,99.900001526,99.900001526,1.3330351114,0.5715252161,2.9535799026,99.900001526,99.900001526,99.900001526,99.900001526,99.900001526,99.900001526,2.0403363705,45.976745605,4.9873814583,2.7445466518,22.635566711,15.729382515,2.0195021629,31.657686234,8.7176055908,0.5884604,0
4.8014206886,13.807442665,5.1196918488,46.506401062,15.157987595,5.825592041,99.900001526,99.900001526,99.900001526,1.3330351114,0.5715252161,2.9535799026,99.900001526,99.900001526,99.900001526,99.900001526,99.900001526,99.900001526,2.0403363705,45.976745605,4.9873814583,2.7445466518,22.635566711,15.729382515,2.0195021629,31.657686234,8.7176055908,0.3656737,1
4.8014206886,13.807442665,5.1196918488,46.506401062,15.157987595,5.825592041,99.900001526,99.900001526,99.900001526,1.3330351114,0.5715252161,2.9535799026,99.900001526,99.900001526,99.900001526,99.900001526,99.900001526,99.900001526,2.0403363705,45.976745605,4.9873814583,2.7445466518,22.635566711,15.729382515,2.0195021629,31.657686234,8.7176055908,0.6374949000000001,0
4.8014206886,13.807442665,5.1196918488,46.506401062,15.157987595,5.825592041,99.900001526,99.900001526,99.900001526,1.3330351114,0.5715252161,2.9535799026,99.900001526,99.900001526,99.900001526,99.900001526,99.900001526,99.900001526,2.0403363705,45.976745605,4.9873814583,2.7445466518,22.751526396,15.489462113,2.0195021629,31.657686234,8.7176055908,0.1963287,1
4.8014206886,13.807442665,5.1196918488,46.506401062,15.157987595,5.825592041,99.900001526,99.900001526,99.900001526,1.3330351114,0.5715252161,2.9535799026,99.900001526,99.900001526,99.900001526,99.900001526,99.900001526,99.900001526,2.0403363705,45.976745605,4.9873814583,2.7445466518,22.751526396,15.489462113,2.0195021629,31.657686234,8.7176055908,2.040495,0
4.8014206886,13.807442665,5.1196918488,46.506401062,15.157987595,5.825592041,99.900001526,99.900001526,99.900001526,1.3330351114,0.5715252161,2.9535799026,99.900001526,99.900001526,99.900001526,99.900001526,99.900001526,99.900001526,2.0403363705,45.976745605,4.9873814583,2.7445466518,22.822587967,15.342435837,2.0195021629,31.657686234,8.7176055908,0.1279837,1
4.8014206886,13.807442665,5.1196918488,46.506401062,15.157987595,5.825592041,99.900001526,99.900001526,99.900001526,1.3330351114,0.5715252161,2.9535799026,99.900001526,99.900001526,99.900001526,99.900001526,99.900001526,99.900001526,2.0403363705,45.976745605,4.9873814583,2.7445466518,22.822587967,15.342435837,2.0195021629,31.657686234,8.7176055908,3.646517,0
4.8014206886,13.807442665,5.1196918488,46.506401062,15.157987595,5.825592041,99.900001526,99.900001526,99.900001526,1.3330351114,0.5715252161,2.9535799026,99.900001526,99.900001526,99.900001526,99.900001526,99.900001526,99.900001526,2.0403363705,46.085514069,4.8758692741,2.7445466518,22.822587967,15.342435837,2.0195021629,31.657686234,8.7176055908,0.0868072,1
4.8014206886,13.807442665,5.1196918488,46.506401062,15.157987595,5.825592041,99.900001526,99.900001526,99.900001526,1.3330351114,0.5715252161,2.9535799026,99.900001526,99.900001526,99.900001526,99.900001526,99.900001526,99.900001526,2.0403363705,46.085514069,4.8758692741,2.7445466518,22.822587967,15.342435837,2.0195021629,31.657686234,8.7176055908,0.6801501,0
4.8014206886,13.807442665,5.1196918488,46.506401062,15.157987595,5.825592041,99.900001526,99.900001526,99.900001526,1.3330351114,0.5715252161,2.9535799026,99.900001526,99.900001526,99.900001526,99.900001526,99.900001526,99.900001526,2.0403363705,46.085514069,4.8758692741,2.7445466518,22.822587967,15.342435837,2.0195021629,31.657686234,8.7176055908,0.1210711,1
4.8014206886,13.807442665,5.1196918488,46.506401062,15.157987595,5.825592041,99.900001526,99.900001526,99.900001526,1.3330351114,0.5715252161,2.9535799026,99.900001526,99.900001526,99.900001526,99.900001526,99.900001526,99.900001526,2.0403363705,46.085514069,4.8758692741,2.7445466518,22.822587967,15.342435837,2.0195021629,31.657686234,8.7176055908,0.8338638,0
4.8014206886,13.807442665,5.1196918488,46.506401062,15.157987595,5.825592041,99.900001526,99.900001526,99.900001526,1.3330351114,0.5715252161,2.9535799026,99.900001526,99.900001526,99.900001526,99.900001526,99.900001526,99.900001526,2.0403363705,46.085514069,4.8758692741,2.7445466518,22.956987381,15.132770538,2.0195021629,31.657686234,8.7176055908,0.1370704,1
4.8014206886,13.807442665,5.1196918488,46.506401062,15.157987595,5.825592041,99.900001526,99.900001526,99.900001526,1.3330351114,0.5715252161,2.9535799026,99.900001526,99.900001526,99.900001526,99.900001526,99.900001526,99.900001526,2.0403363705,46.085514069,4.8758692741,2.7445466518,22.956987381,15.132770538,99.900001526,99.900001526,99.900001526,0.7868843000000001,0
99.900001526,99.900001526,99.900001526,99.900001526,99.900001526,99.900001526,99.900001526,99.900001526,99.900001526,1.3330351114,0.5715252161,2.9535799026,99.900001526,99.900001526,99.900001526,99.900001526,99.900001526,99.900001526,2.0403363705,45.918689728,4.8758692741,2.7445466518,22.956987381,15.132770538,99.900001526,99.900001526,99.900001526,0.4770143,1
99.900001526,99.900001526,99.900001526,99.900001526,99.900001526,99.900001526,99.900001526,99.900001526,99.900001526,1.3330351114,0.5715252161,2.9535799026,99.900001526,99.900001526,99.900001526,99.900001526,99.900001526,99.900001526,2.0403363705,45.918689728,4.8758692741,2.7445466518,22.956987381,15.132770538,99.900001526,99.900001526,99.900001526,2.4195740000000003,0
99.900001526,99.900001526,99.900001526,99.900001526,99.900001526,99.900001526,99.900001526,99.900001526,99.900001526,1.3330351114,0.5715252161,2.9535799026,99.900001526,99.900001526,99.900001526,99.900001526,99.900001526,99.900001526,2.0403363705,45.918689728,4.8758692741,2.7445466518,22.956987381,15.132770538,99.900001526,99.900001526,99.900001526,0.457111,1
99.900001526,99.900001526,99.900001526,99.900001526,99.900001526,99.900001526,99.900001526,99.900001526,99.900001526,1.3330351114,0.5715252161,2.9535799026,99.900001526,99.900001526,99.900001526,99.900001526,99.900001526,99.900001526,2.0403363705,45.918689728,4.8758692741,2.7445466518,22.956987381,15.132770538,99.900001526,99.900001526,99.900001526,3.3987239999999996,0
99.900001526,99.900001526,99.900001526,99.900001526,99.900001526,99.900001526,99.900001526,99.900001526,99.900001526,1.3330351114,0.5715252161,2.9535799026,99.900001526,99.900001526,99.900001526,99.900001526,99.900001526,99.900001526,2.0403363705,45.918689728,4.8758692741,2.7445466518,22.956987381,15.132770538,99.900001526,99.900001526,99.900001526,0.44609670000000007,1
99.900001526,99.900001526,99.900001526,99.900001526,99.900001526,99.900001526,99.900001526,99.900001526,99.900001526,1.3330351114,0.5715252161,2.9535799026,99.900001526,99.900001526,99.900001526,99.900001526,99.900001526,99.900001526,2.0403363705,45.918689728,4.8758692741,2.7445466518,22.956987381,15.132770538,99.900001526,99.900001526,99.900001526,0.7945962,0
99.900001526,99.900001526,99.900001526,99.900001526,99.900001526,99.900001526,99.900001526,99.900001526,99.900001526,1.3330351114,0.5715252161,2.9535799026,99.900001526,99.900001526,99.900001526,99.900001526,99.900001526,99.900001526,2.0403363705,45.918689728,4.8758692741,2.7445466518,22.956987381,15.132770538,99.900001526,99.900001526,99.900001526,0.4019228,1
99.900001526,99.900001526,99.900001526,99.900001526,99.900001526,99.900001526,99.900001526,99.900001526,99.900001526,1.3330351114,0.5715252161,2.9535799026,99.900001526,99.900001526,99.900001526,99.900001526,99.900001526,99.900001526,2.0403363705,45.918689728,4.8758692741,2.7445466518,22.956987381,15.132770538,99.900001526,99.900001526,99.900001526,1.3613879999999998,0
99.900001526,99.900001526,99.900001526,99.900001526,99.900001526,99.900001526,99.900001526,99.900001526,99.900001526,1.3330351114,0.5715252161,2.9535799026,99.900001526,99.900001526,99.900001526,99.900001526,99.900001526,99.900001526,2.0403363705,45.918689728,4.8758692741,2.7445466518,23.430582047,14.740652084,99.900001526,99.900001526,99.900001526,0.23677440000000002,1
99.900001526,99.900001526,99.900001526,99.900001526,99.900001526,99.900001526,99.900001526,99.900001526,99.900001526,1.3330351114,0.5715252161,2.9535799026,99.900001526,99.900001526,99.900001526,99.900001526,99.900001526,99.900001526,2.0403363705,45.918689728,4.8758692741,2.7445466518,23.430582047,14.740652084,99.900001526,99.900001526,99.900001526,1.552235,0
99.900001526,99.900001526,99.900001526,99.900001526,99.900001526,99.900001526,99.900001526,99.900001526,99.900001526,1.3330351114,0.69116920233,2.9535799026,99.900001526,99.900001526,99.900001526,99.900001526,99.900001526,99.900001526,2.1443631649,45.824829102,4.8758692741,2.7445466518,23.709424973,14.492524147,99.900001526,99.900001526,99.900001526,0.36503359999999996,1
99.900001526,99.900001526,99.900001526,99.900001526,99.900001526,99.900001526,99.900001526,99.900001526,99.900001526,1.3330351114,0.69116920233,2.9535799026,99.900001526,99.900001526,99.900001526,99.900001526,99.900001526,99.900001526,2.1443631649,45.824829102,4.8758692741,2.618224144,24.017961502,14.215376854,99.900001526,99.900001526,99.900001526,1.00275,0
99.900001526,99.900001526,99.900001526,99.900001526,99.900001526,99.900001526,99.900001526,99.900001526,99.900001526,1.3330351114,0.69116920233,2.9535799026,99.900001526,99.900001526,99.900001526,99.900001526,99.900001526,99.900001526,2.1443631649,45.824829102,4.8758692741,2.618224144,24.017961502,14.215376854,99.900001526,99.900001526,99.900001526,0.03920383,1
99.900001526,99.900001526,99.900001526,99.900001526,99.900001526,99.900001526,99.900001526,99.900001526,99.900001526,1.3330351114,0.69116920233,2.9535799026,99.900001526,99.900001526,99.900001526,99.900001526,99.900001526,99.900001526,2.1443631649,45.824829102,4.8758692741,2.618224144,24.017961502,14.215376854,99.900001526,99.900001526,99.900001526,1.424182,0
99.900001526,99.900001526,99.900001526,99.900001526,99.900001526,99.900001526,99.900001526,99.900001526,99.900001526,1.3330351114,0.69116920233,2.9535799026,99.900001526,99.900001526,99.900001526,99.900001526,99.900001526,99.900001526,2.1443631649,45.824829102,4.8758692741,2.618224144,24.017961502,14.215376854,99.900001526,99.900001526,99.900001526,0.1966878,1
99.900001526,99.900001526,99.900001526,99.900001526,99.900001526,99.900001526,99.900001526,99.900001526,99.900001526,1.3330351114,0.69116920233,2.9535799026,99.900001526,99.900001526,99.900001526,99.900001526,99.900001526,99.900001526,2.1443631649,45.824829102,4.8758692741,2.618224144,24.017961502,14.215376854,99.900001526,99.900001526,99.900001526,1.0464930000000001,0
99.900001526,99.900001526,99.900001526,99.900001526,99.900001526,99.900001526,99.900001526,99.900001526,99.900001526,1.3330351114,0.69116920233,2.9535799026,99.900001526,99.900001526,99.900001526,99.900001526,99.900001526,99.900001526,2.1443631649,45.824829102,4.8758692741,2.618224144,24.017961502,14.215376854,99.900001526,99.900001526,99.900001526,0.4226487,1
99.900001526,99.900001526,99.900001526,99.900001526,99.900001526,99.900001526,99.900001526,99.900001526,99.900001526,1.3330351114,0.69116920233,2.9535799026,99.900001526,99.900001526,99.900001526,99.900001526,99.900001526,99.900001526,2.1608270073,45.824829102,4.8758692741,2.618224144,24.017961502,14.215376854,99.900001526,99.900001526,99.900001526,2.795236,0
99.900001526,99.900001526,99.900001526,99.900001526,99.900001526,99.900001526,99.900001526,99.900001526,99.900001526,1.3330351114,0.69116920233,2.9535799026,99.900001526,99.900001526,99.900001526,99.900001526,99.900001526,99.900001526,2.2748737335,45.824829102,4.8758692741,2.618224144,24.017961502,14.215376854,99.900001526,99.900001526,99.900001526,0.3214855,1
99.900001526,99.900001526,99.900001526,99.900001526,99.900001526,99.900001526,99.900001526,99.900001526,99.900001526,1.3330351114,0.69116920233,2.9535799026,99.900001526,99.900001526,99.900001526,99.900001526,99.900001526,99.900001526,2.2748737335,45.824829102,4.8758692741,2.618224144,24.017961502,14.215376854,99.900001526,99.900001526,99.900001526,0.7470585,0
99.900001526,99.900001526,99.900001526,99.900001526,99.900001526,99.900001526,99.900001526,99.900001526,99.900001526,1.3330351114,0.69116920233,2.9535799026,99.900001526,99.900001526,99.900001526,99.900001526,99.900001526,99.900001526,2.2748737335,45.824829102,4.8758692741,2.618224144,24.017961502,14.215376854,99.900001526,99.900001526,99.900001526,0.2020951,1
99.900001526,99.900001526,99.900001526,99.900001526,99.900001526,99.900001526,99.900001526,99.900001526,99.900001526,1.3330351114,0.69116920233,2.9535799026,99.900001526,99.900001526,99.900001526,99.900001526,99.900001526,99.900001526,2.2748737335,45.824829102,4.8758692741,2.618224144,24.017961502,14.215376854,99.900001526,99.900001526,99.900001526,1.864675,0
99.900001526,99.900001526,99.900001526,99.900001526,99.900001526,99.900001526,99.900001526,99.900001526,99.900001526,1.3330351114,0.69116920233,2.9535799026,99.900001526,99.900001526,99.900001526,99.900001526,99.900001526,99.900001526,2.2748737335,45.824829102,4.8758692741,2.618224144,24.017961502,14.09582901,99.900001526,99.900001526,99.900001526,0.5755302,1
99.900001526,99.900001526,99.900001526,99.900001526,99.900001526,99.900001526,99.900001526,99.900001526,99.900001526,1.3330351114,0.69116920233,2.9535799026,99.900001526,99.900001526,99.900001526,99.900001526,99.900001526,99.900001526,2.2748737335,45.824829102,4.8758692741,2.618224144,24.017961502,14.09582901,99.900001526,99.900001526,99.900001526,0.5261418999999999,0
99.900001526,99.900001526,99.900001526,99.900001526,99.900001526,99.900001526,99.900001526,99.900001526,99.900001526,1.3330351114,0.69116920233,2.9535799026,99.900001526,99.900001526,99.900001526,99.900001526,99.900001526,99.900001526,2.2748737335,45.824829102,4.8758692741,2.618224144,24.017961502,14.09582901,99.900001526,99.900001526,99.900001526,0.3397136,1
99.900001526,99.900001526,99.900001526,99.900001526,99.900001526,99.900001526,99.900001526,99.900001526,99.900001526,1.3330351114,0.69116920233,2.9535799026,99.900001526,99.900001526,99.900001526,99.900001526,99.900001526,99.900001526,2.2748737335,45.824829102,4.8758692741,2.618224144,24.017961502,14.09582901,99.900001526,99.900001526,99.900001526,0.5780161,0
99.900001526,99.900001526,99.900001526,99.900001526,99.900001526,99.900001526,99.900001526,99.900001526,99.900001526,1.3330351114,0.69116920233,2.9535799026,99.900001526,99.900001526,99.900001526,99.900001526,99.900001526,99.900001526,2.2748737335,45.824829102,4.8758692741,2.618224144,24.017961502,14.09582901,99.900001526,99.900001526,99.900001526,0.1568911,1
99.900001526,99.900001526,99.900001526,99.900001526,99.900001526,99.900001526,99.900001526,99.900001526,99.900001526,1.3330351114,0.69116920233,2.9535799026,99.900001526,99.900001526,99.900001526,99.900001526,99.900001526,99.900001526,2.2748737335,45.824829102,4.8758692741,2.618224144,24.017961502,14.09582901,99.900001526,99.900001526,99.900001526,0.7434276,0
99.900001526,99.900001526,99.900001526,99.900001526,99.900001526,99.900001526,99.900001526,99.900001526,99.900001526,1.3330351114,0.69116920233,2.9535799026,99.900001526,99.900001526,99.900001526,99.900001526,99.900001526,99.900001526,2.2748737335,45.824829102,4.8758692741,2.618224144,24.017961502,14.09582901,99.900001526,99.900001526,99.900001526,0.2090972,1
99.900001526,99.900001526,99.900001526,99.900001526,99.900001526,99.900001526,99.900001526,99.900001526,99.900001526,1.3330351114,0.69116920233,2.9535799026,99.900001526,99.900001526,99.900001526,99.900001526,99.900001526,99.900001526,2.2748737335,45.824829102,4.8758692741,2.618224144,24.017961502,14.09582901,99.900001526,99.900001526,99.900001526,0.7254393,0
99.900001526,99.900001526,99.900001526,99.900001526,99.900001526,99.900001526,99.900001526,99.900001526,99.900001526,1.3330351114,0.69116920233,2.9535799026,99.900001526,99.900001526,99.900001526,99.900001526,99.900001526,99.900001526,2.2748737335,45.824829102,4.8758692741,2.618224144,24.017961502,14.09582901,99.900001526,99.900001526,99.900001526,0.40180229999999995,1
99.900001526,99.900001526,99.900001526,99.900001526,99.900001526,99.900001526,99.900001526,99.900001526,99.900001526,1.3330351114,0.69116920233,2.9535799026,99.900001526,99.900001526,99.900001526,99.900001526,99.900001526,99.900001526,2.2748737335,45.824829102,4.8758692741,2.618224144,24.017961502,14.09582901,99.900001526,99.900001526,99.900001526,0.8646594999999999,0
99.900001526,99.900001526,99.900001526,99.900001526,99.900001526,99.900001526,99.900001526,99.900001526,99.900001526,1.3330351114,0.69116920233,2.9535799026,99.900001526,99.900001526,99.900001526,99.900001526,99.900001526,99.900001526,2.2748737335,45.824829102,4.8758692741,2.618224144,24.017961502,14.09582901,99.900001526,99.900001526,99.900001526,0.1388396,1
99.900001526,99.900001526,99.900001526,99.900001526,99.900001526,99.900001526,99.900001526,99.900001526,99.900001526,1.3330351114,0.69116920233,2.9535799026,99.900001526,99.900001526,99.900001526,99.900001526,99.900001526,99.900001526,2.2748737335,45.824829102,4.8758692741,2.618224144,24.017961502,14.09582901,99.900001526,99.900001526,99.900001526,2.782906,0
99.900001526,99.900001526,99.900001526,99.900001526,99.900001526,99.900001526,99.900001526,99.900001526,99.900001526,1.3330351114,0.69116920233,2.9535799026,99.900001526,99.900001526,99.900001526,99.900001526,99.900001526,99.900001526,2.2748737335,45.824829102,4.8758692741,2.618224144,24.017961502,14.09582901,99.900001526,99.900001526,99.900001526,0.3569482,1
99.900001526,99.900001526,99.900001526,99.900001526,99.900001526,99.900001526,99.900001526,99.900001526,99.900001526,1.3330351114,0.69116920233,2.9535799026,99.900001526,99.900001526,99.900001526,99.900001526,99.900001526,99.900001526,2.2748737335,45.740748133,4.8758692741,2.618224144,24.017961502,14.09582901,99.900001526,99.900001526,99.900001526,1.08568,0
99.900001526,99.900001526,99.900001526,99.900001526,99.900001526,99.900001526,99.900001526,99.900001526,99.900001526,1.3330351114,0.69116920233,2.9535799026,99.900001526,99.900001526,99.900001526,99.900001526,99.900001526,99.900001526,2.2748737335,45.691085815,4.8758692741,2.618224144,24.017961502,14.09582901,99.900001526,99.900001526,99.900001526,0.39461490000000005,1
99.900001526,99.900001526,99.900001526,99.900001526,99.900001526,99.900001526,99.900001526,99.900001526,99.900001526,1.3330351114,0.69116920233,2.9535799026,99.900001526,99.900001526,99.900001526,99.900001526,99.900001526,99.900001526,2.2748737335,45.691085815,4.8758692741,2.618224144,24.017961502,14.09582901,99.900001526,99.900001526,99.900001526,0.9684636000000001,0
15.363811899,23.359480055,15.646795503,53.286838531,11.146364212,2.533002615,99.900001526,99.900001526,99.900001526,1.3330351114,0.69116920233,2.9535799026,99.900001526,99.900001526,99.900001526,99.900001526,99.900001526,99.900001526,2.2748737335,45.691085815,4.8758692741,2.618224144,24.017961502,14.09582901,2.1392035484,28.956392288,8.1415557861,0.4769677,1
4.6657495499,13.673270226,4.984544754,53.286838531,11.146364212,2.533002615,99.900001526,99.900001526,99.900001526,1.3330351114,0.69116920233,2.9535799026,99.900001526,99.900001526,99.900001526,99.900001526,99.900001526,99.900001526,2.2748737335,45.691085815,4.8758692741,2.618224144,24.017961502,14.09582901,2.1392035484,28.956392288,8.1415557861,1.174265,0
4.6657495499,13.673270226,4.984544754,53.286838531,11.146364212,2.533002615,99.900001526,99.900001526,99.900001526,1.3330351114,0.69116920233,2.9535799026,99.900001526,99.900001526,99.900001526,99.900001526,99.900001526,99.900001526,2.2748737335,46.00510788,4.8758692741,2.618224144,24.017961502,14.09582901,2.1392035484,28.956392288,8.1415557861,0.2367507,1
4.6657495499,13.673270226,4.984544754,53.286838531,11.146364212,2.533002615,99.900001526,99.900001526,99.900001526,1.3330351114,0.69116920233,2.9535799026,99.900001526,99.900001526,99.900001526,99.900001526,99.900001526,99.900001526,2.2748737335,46.00510788,4.8758692741,2.618224144,24.017961502,14.09582901,2.1392035484,28.956392288,8.1415557861,0.9610192,0
4.6657495499,13.673270226,4.984544754,53.286838531,11.146364212,2.533002615,99.900001526,99.900001526,99.900001526,1.3330351114,0.69116920233,2.9535799026,99.900001526,99.900001526,99.900001526,99.900001526,99.900001526,99.900001526,2.2748737335,46.00510788,4.8758692741,2.618224144,24.017961502,14.09582901,2.1392035484,28.956392288,8.1415557861,0.3539501,1
4.6657495499,13.673270226,4.984544754,53.286838531,11.146364212,2.533002615,99.900001526,99.900001526,99.900001526,1.3330351114,0.69116920233,2.9535799026,99.900001526,99.900001526,99.900001526,99.900001526,99.900001526,99.900001526,2.2748737335,46.00510788,4.8758692741,2.618224144,24.017961502,14.09582901,2.1392035484,30.490292201,8.3528059622,0.7431739,0
4.6657495499,13.673270226,4.984544754,53.286838531,11.146364212,2.533002615,99.900001526,99.900001526,99.900001526,1.3330351114,0.69116920233,2.9535799026,99.900001526,99.900001526,99.900001526,99.900001526,99.900001526,99.900001526,2.2748737335,46.00510788,4.8758692741,2.618224144,24.017961502,14.09582901,2.1392035484,30.68104744,8.3790769577,0.26385790000000003,1
4.5193805695,13.673270226,4.984544754,53.974124908,10.91429615,2.6982524395,99.900001526,99.900001526,99.900001526,1.3330351114,0.69116920233,2.9535799026,99.900001526,99.900001526,99.900001526,99.900001526,99.900001526,99.900001526,2.2748737335,46.00510788,4.8758692741,2.618224144,24.017961502,14.09582901,2.1392035484,30.68104744,8.3790769577,0.5830478,0
4.5193805695,13.673270226,4.984544754,53.974124908,10.91429615,2.6982524395,99.900001526,99.900001526,99.900001526,1.3330351114,0.69116920233,2.9535799026,99.900001526,99.900001526,99.900001526,99.900001526,99.900001526,99.900001526,2.2748737335,46.060589916,4.8758692741,2.618224144,24.017961502,14.09582901,2.1392035484,30.68104744,8.3790769577,0.4012095,1
4.5193805695,13.673270226,4.984544754,53.974124908,10.91429615,2.6982524395,99.900001526,99.900001526,99.900001526,1.3330351114,0.69116920233,2.9535799026,99.900001526,99.900001526,99.900001526,99.900001526,99.900001526,99.900001526,2.2748737335,46.192028046,4.8758692741,2.618224144,24.017961502,14.09582901,2.1392035484,30.68104744,8.3790769577,0.5731848,0
4.5193805695,13.673270226,4.984544754,53.974124908,10.91429615,2.6982524395,99.900001526,99.900001526,99.900001526,1.3330351114,0.69116920233,2.9535799026,99.900001526,99.900001526,99.900001526,99.900001526,99.900001526,99.900001526,2.2748737335,46.192028046,4.8758692741,2.618224144,24.017961502,14.09582901,2.1392035484,30.68104744,8.3790769577,0.1660637,1
4.5193805695,13.673270226,4.984544754,55.449989319,10.91429615,4.4472751617,99.900001526,99.900001526,99.900001526,1.3330351114,0.69116920233,2.9535799026,99.900001526,99.900001526,99.900001526,99.900001526,99.900001526,99.900001526,2.2748737335,46.192028046,4.8758692741,2.618224144,24.017961502,14.09582901,2.1392035484,30.68104744,8.3790769577,0.5738625,0
4.5193805695,13.673270226,4.8590448693,55.449989319,10.91429615,4.4472751617,99.900001526,99.900001526,99.900001526,1.3330351114,0.69116920233,2.9535799026,99.900001526,99.900001526,99.900001526,99.900001526,99.900001526,99.900001526,2.2748737335,46.192028046,4.8758692741,2.618224144,24.017961502,14.09582901,2.1392035484,30.68104744,8.3790769577,0.2647085,1
4.5193805695,13.673270226,4.8590448693,55.449989319,10.91429615,4.4472751617,99.900001526,99.900001526,99.900001526,1.3330351114,0.69116920233,2.9535799026,99.900001526,99.900001526,99.900001526,99.900001526,99.900001526,99.900001526,2.2748737335,46.192028046,4.8758692741,2.618224144,24.017961502,14.09582901,2.1392035484,30.68104744,8.3790769577,0.7922489,0
4.5193805695,13.673270226,4.844066143,55.449989319,10.91429615,4.4472751617,99.900001526,99.900001526,99.900001526,1.3330351114,0.69116920233,2.9535799026,99.900001526,99.900001526,99.900001526,99.900001526,99.900001526,99.900001526,2.2748737335,46.192028046,4.8758692741,2.618224144,24.017961502,14.09582901,2.1392035484,30.68104744,8.3790769577,0.04879077,1
4.5193805695,13.673270226,4.844066143,55.449989319,10.91429615,4.4472751617,99.900001526,99.900001526,99.900001526,1.3330351114,0.69116920233,2.9535799026,99.900001526,99.900001526,99.900001526,99.900001526,99.900001526,99.900001526,2.2748737335,46.335002899,4.8758692741,2.618224144,24.017961502,14.09582901,2.1392035484,30.68104744,8.3790769577,1.113958,0
4.5193805695,13.673270226,4.844066143,55.449989319,10.91429615,4.4472751617,99.900001526,99.900001526,99.900001526,1.3330351114,0.69116920233,2.9535799026,99.900001526,99.900001526,99.900001526,99.900001526,99.900001526,99.900001526,2.2748737335,46.335002899,4.8758692741,2.618224144,24.017961502,14.09582901,2.1392035484,30.68104744,8.3790769577,0.3134603,1
4.5193805695,13.673270226,4.844066143,55.449989319,10.91429615,4.4472751617,99.900001526,99.900001526,99.900001526,1.3330351114,0.69116920233,2.9535799026,99.900001526,99.900001526,99.900001526,99.900001526,99.900001526,99.900001526,2.2748737335,46.335002899,4.8758692741,2.618224144,24.017961502,14.09582901,2.1392035484,30.68104744,8.3790769577,0.6671352,0
4.5193805695,13.673270226,4.844066143,55.449989319,10.91429615,4.4472751617,99.900001526,99.900001526,99.900001526,1.3330351114,0.69116920233,2.9535799026,99.900001526,99.900001526,99.900001526,99.900001526,99.900001526,99.900001526,2.2748737335,46.335002899,4.8758692741,2.618224144,24.017961502,14.09582901,2.1392035484,30.68104744,8.3790769577,0.3239322,1
4.5193805695,13.673270226,4.844066143,55.449989319,10.91429615,4.4472751617,99.900001526,99.900001526,99.900001526,1.3330351114,0.69116920233,2.9535799026,99.900001526,99.900001526,99.900001526,99.900001526,99.900001526,99.900001526,2.2748737335,46.335002899,4.8758692741,2.618224144,24.017961502,14.09582901,2.1392035484,30.68104744,8.3790769577,0.8307279000000001,0
4.5193805695,13.673270226,4.844066143,55.449989319,10.91429615,4.4472751617,99.900001526,99.900001526,99.900001526,1.3330351114,0.69116920233,2.9535799026,99.900001526,99.900001526,99.900001526,99.900001526,99.900001526,99.900001526,2.2748737335,46.335002899,4.8758692741,2.618224144,24.017961502,14.09582901,2.1392035484,30.68104744,8.3790769577,0.2746429,1
4.5193805695,13.673270226,4.844066143,55.449989319,10.91429615,4.4472751617,99.900001526,99.900001526,99.900001526,1.3330351114,0.69116920233,2.9535799026,99.900001526,99.900001526,99.900001526,99.900001526,99.900001526,99.900001526,2.2748737335,46.335002899,4.8758692741,2.618224144,24.017961502,14.09582901,2.1392035484,30.68104744,8.4837786329,0.7443441,0
4.5193805695,13.673270226,4.844066143,55.449989319,10.91429615,4.4472751617,99.900001526,99.900001526,99.900001526,1.3330351114,0.69116920233,2.9535799026,99.900001526,99.900001526,99.900001526,99.900001526,99.900001526,99.900001526,2.2748737335,46.335002899,4.8758692741,2.618224144,24.017961502,14.09582901,2.1392035484,30.68104744,8.4837786329,0.28017240000000004,1
4.5193805695,13.673270226,4.844066143,55.551744328,10.822230264,4.3306588846,99.900001526,99.900001526,99.900001526,1.3330351114,0.69116920233,2.9535799026,99.900001526,99.900001526,99.900001526,99.900001526,99.900001526,99.900001526,2.2748737335,46.335002899,4.8758692741,2.618224144,24.017961502,14.09582901,2.1392035484,30.68104744,8.49604702,0.6024469,0
4.5193805695,13.673270226,4.844066143,55.563594818,10.811508179,4.3170776367,99.900001526,99.900001526,99.900001526,1.3330351114,0.69116920233,2.9535799026,99.900001526,99.900001526,99.900001526,99.900001526,99.900001526,99.900001526,2.2748737335,46.444049372,4.8758692741,2.618224144,24.017961502,14.09582901,2.1392035484,30.68104744,8.49604702,0.2012026,1
4.6426153183,13.799766541,5.04053545,55.563594818,10.811508179,4.3170776367,99.900001526,99.900001526,99.900001526,1.3330351114,0.69116920233,2.9535799026,99.900001526,99.900001526,99.900001526,99.900001526,99.900001526,99.900001526,2.2748737335,46.471244812,4.8758692741,2.618224144,24.017961502,14.09582901,2.1392035484,30.68104744,8.49604702,0.5850576999999999,0
4.6426153183,13.799766541,5.04053545,55.563594818,10.811508179,4.3170776367,99.900001526,99.900001526,99.900001526,1.3330351114,0.69116920233,2.9535799026,99.900001526,99.900001526,99.900001526,99.900001526,99.900001526,99.900001526,2.2748737335,46.471244812,4.8758692741,2.618224144,24.017961502,14.09582901,2.1392035484,30.68104744,8.49604702,0.2928827,1
4.6426153183,13.799766541,5.04053545,55.563594818,10.811508179,4.3170776367,99.900001526,99.900001526,99.900001526,1.3330351114,0.69116920233,2.9535799026,99.900001526,99.900001526,99.900001526,99.900001526,99.900001526,99.900001526,2.2748737335,46.471244812,4.8758692741,2.618224144,24.017961502,14.09582901,2.1392035484,30.897794724,8.49604702,1.55865,0
4.6426153183,13.799766541,5.04053545,55.811320553,9.4802634241,0.86664761775,99.900001526,99.900001526,99.900001526,1.3330351114,0.69116920233,2.9535799026,99.900001526,99.900001526,99.900001526,99.900001526,99.900001526,99.900001526,2.2748737335,46.471244812,4.8758692741,2.618224144,24.017961502,14.09582901,2.1392035484,30.897794724,8.49604702,0.2069078,1
